Sr no,Username,Userid,email,registered mobile no,Address,SmartIOT Device ID,Power (in watt),Maximum Current till date (in ampere),Voltage,Time,Date
1,Chetan,chetanid,chetan.gupta,7854612456,Room no.123,001HALBUL000N,20,32,2,12:00,20-02-18
2,Chetan,chetanid,chetan.gupta,7854612456,Room no.123,002HALTUB001E,30,10,3,12:01,20-02-18
3,Chetan,chetanid,chetan.gupta,7854612456,Room no.123,001HALFAN002C,40,22,4,12:02,20-02-18
4,Chetan,chetanid,chetan.gupta,7854612456,Room no.123,003KITFAN003C,50,34,1,12:03,20-02-18
5,Chetan,chetanid,chetan.gupta,7854612456,Room no.123,004GPKTUB004C,10,56,2,12:04,20-02-18
6,Chetan,chetanid,chetan.gupta,7854612456,Room no.123,002HALTUB005E,20,34,3,12:05,20-02-18
7,Chetan,chetanid,chetan.gupta,7854612456,Room no.123,001HALFAN006C,30,23,4,12:06,20-02-18
8,Chetan,chetanid,chetan.gupta,7854612456,Room no.123,004GPKFAN007C,40,23,5,12:07,20-02-18
9,Chetan,chetanid,chetan.gupta,7854612456,Room no.123,002HALTUB008E,50,12,6,12:08,20-02-18
10,Siri,sirid,sai.nadiminti,9969625644,Room no.1,001HALBUL000N,12,12,1,12:00,20-02-18
11,Siri,siriid,sai.nadiminti,9969625644,Room no.1,002HALTUB001E,23,13,2,12:01,20-02-18
12,Siri,sirid,sai.nadiminti,9969625644,Room no.1,001HALFAN002C,44,5,3,12:02,20-02-18
13,Siri,siriid,sai.nadiminti,9969625644,Room no.1,003KITFAN003C,76,7,4,12:03,20-02-18
14,Siri,sirid,sai.nadiminti,9969625644,Room no.1,004GPKTUB004C,12,8,7,12:04,20-02-18
15,Siri,siriid,sai.nadiminti,9969625644,Room no.1,002HALTUB005E,45,9,2,12:05,20-02-18
16,Siri,sirid,sai.nadiminti,9969625644,Room no.1,001HALFAN006C,87,45,3,12:06,20-02-18
17,Siri,siriid,sai.nadiminti,9969625644,Room no.1,004GPKFAN007C,35,35,9,12:07,20-02-18
18,Siri,sirid,sai.nadiminti,9969625644,Room no.1,002HALTUB008E,56,23,4,12:08,20-02-18
19,Ashish,ashishid,ashish.joshi,7854612456,Room no.100,001HALBUL000N,20,32,2,12:00,20-02-18
20,Ashish,ashishid,ashish.joshi,7854612456,Room no.100,002HALTUB001E,30,10,3,12:01,20-02-18
21,Ashish,ashishid,ashish.joshi,7854612456,Room no.100,001HALFAN002C,40,22,4,12:02,20-02-18
22,Ashish,ashishid,ashish.joshi,7854612456,Room no.100,003KITFAN003C,50,34,1,12:03,20-02-18
23,Ashish,ashishid,ashish.joshi,7854612456,Room no.100,004GPKTUB004C,10,56,2,12:04,20-02-18
24,Ashish,ashishid,ashish.joshi,7854612456,Room no.100,002HALTUB005E,20,34,3,12:05,20-02-18
25,Ashish,ashishid,ashish.joshi,7854612456,Room no.100,001HALFAN006C,30,23,4,12:06,20-02-18
26,Ashish,ashishid,ashish.joshi,7854612456,Room no.100,004GPKFAN007C,40,23,5,12:07,20-02-18
27,Ashish,ashishid,ashish.joshi,7854612456,Room no.100,002HALTUB008E,50,12,6,12:08,20-02-18
28,Guru,guruid,guru.singh,123564235,Room no.2,001HALBUL000N,12,12,1,12:00,20-02-18
29,Guru,guruid,guru.singh,123564235,Room no.2,002HALTUB001E,23,13,2,12:01,20-02-18
30,Guru,guruid,guru.singh,123564235,Room no.2,001HALFAN002C,44,5,3,12:02,20-02-18
31,Guru,guruid,guru.singh,123564235,Room no.2,003KITFAN003C,76,7,4,12:03,20-02-18
32,Guru,guruid,guru.singh,123564235,Room no.2,004GPKTUB004C,12,8,7,12:04,20-02-18
33,Guru,guruid,guru.singh,123564235,Room no.2,002HALTUB005E,45,9,2,12:05,20-02-18
34,Guru,guruid,guru.singh,123564235,Room no.2,001HALFAN006C,87,45,3,12:06,20-02-18
35,Guru,guruid,guru.singh,123564235,Room no.2,004GPKFAN007C,35,35,9,12:07,20-02-18
36,Guru,guruid,guru.singh,123564235,Room no.2,002HALTUB008E,56,23,4,12:08,20-02-18
37,Chetan,chetanid,chetan.gupta,7854612456,Room no.123,001HALBUL000N,12,32,2,13:00,20-02-18
38,Chetan,chetanid,chetan.gupta,7854612456,Room no.123,002HALTUB001E,13,10,3,13:01,20-02-18
39,Chetan,chetanid,chetan.gupta,7854612456,Room no.123,001HALFAN002C,54,22,4,13:02,20-02-18
40,Chetan,chetanid,chetan.gupta,7854612456,Room no.123,003KITFAN003C,34,34,1,13:03,20-02-18
41,Chetan,chetanid,chetan.gupta,7854612456,Room no.123,004GPKTUB004C,34,56,2,13:04,20-02-18
42,Chetan,chetanid,chetan.gupta,7854612456,Room no.123,002HALTUB005E,12,34,3,13:05,20-02-18
43,Chetan,chetanid,chetan.gupta,7854612456,Room no.123,001HALFAN006C,67,23,4,13:06,20-02-18
44,Chetan,chetanid,chetan.gupta,7854612456,Room no.123,004GPKFAN007C,45,23,5,13:07,20-02-18
45,Chetan,chetanid,chetan.gupta,7854612456,Room no.123,002HALTUB008E,34,12,6,13:08,20-02-18
46,Siri,sirid,sai.nadiminti,9969625644,Room no.1,001HALBUL000N,23,12,1,13:00,20-02-18
47,Siri,siriid,sai.nadiminti,9969625644,Room no.1,002HALTUB001E,57,13,2,13:01,20-02-18
48,Siri,sirid,sai.nadiminti,9969625644,Room no.1,001HALFAN002C,57,5,3,13:02,20-02-18
49,Siri,siriid,sai.nadiminti,9969625644,Room no.1,003KITFAN003C,33,7,4,13:03,20-02-18
50,Siri,sirid,sai.nadiminti,9969625644,Room no.1,004GPKTUB004C,24,8,7,13:04,20-02-18
51,Siri,siriid,sai.nadiminti,9969625644,Room no.1,002HALTUB005E,24,9,2,13:05,20-02-18
52,Siri,sirid,sai.nadiminti,9969625644,Room no.1,001HALFAN006C,35,45,3,13:06,20-02-18
53,Siri,sirid,sai.nadiminti,9969625644,Room no.1,004GPKFAN007C,35,35,9,13:07,20-02-18
54,Siri,sirid,sai.nadiminti,9969625644,Room no.1,002HALTUB008E,56,23,4,13:08,20-02-18
55,Ashish,ashishid,ashish.joshi,7854612456,Room no.100,001HALBUL000N,34,32,2,13:00,20-02-18
56,Ashish,ashishid,ashish.joshi,7854612456,Room no.100,002HALTUB001E,30,10,3,13:01,20-02-18
57,Ashish,ashishid,ashish.joshi,7854612456,Room no.100,001HALFAN002C,56,22,4,13:02,20-02-18
58,Ashish,ashishid,ashish.joshi,7854612456,Room no.100,003KITFAN003C,50,34,1,13:03,20-02-18
59,Ashish,ashishid,ashish.joshi,7854612456,Room no.100,004GPKTUB004C,55,56,2,13:04,20-02-18
60,Ashish,ashishid,ashish.joshi,7854612456,Room no.100,002HALTUB005E,20,34,3,13:05,20-02-18
61,Ashish,ashishid,ashish.joshi,7854612456,Room no.100,001HALFAN006C,30,23,4,13:06,20-02-18
62,Ashish,ashishid,ashish.joshi,7854612456,Room no.100,004GPKFAN007C,87,23,5,13:07,20-02-18
63,Ashish,ashishid,ashish.joshi,7854612456,Room no.100,002HALTUB008E,50,12,6,13:08,20-02-18
64,Guru,guruid,guru.singh,123564235,Room no.2,001HALBUL000N,12,12,1,13:00,20-02-18
65,Guru,guruid,guru.singh,123564235,Room no.2,002HALTUB001E,54,13,2,13:01,20-02-18
66,Guru,guruid,guru.singh,123564235,Room no.2,001HALFAN002C,44,5,3,13:02,20-02-18
67,Guru,guruid,guru.singh,123564235,Room no.2,003KITFAN003C,58,7,4,13:03,20-02-18
68,Guru,guruid,guru.singh,123564235,Room no.2,004GPKTUB004C,12,8,7,13:04,20-02-18
69,Guru,guruid,guru.singh,123564235,Room no.2,002HALTUB005E,45,9,2,13:05,20-02-18
70,Guru,guruid,guru.singh,123564235,Room no.2,001HALFAN006C,78,45,3,13:06,20-02-18
71,Guru,guruid,guru.singh,123564235,Room no.2,004GPKFAN007C,35,35,9,13:07,20-02-18
72,Guru,guruid,guru.singh,123564235,Room no.2,002HALTUB008E,56,23,4,13:08,20-02-18
73,Chetan,chetanid,chetan.gupta,7854612456,Room no.123,001HALBUL000N,63,32,2,14:00,20-02-18
74,Chetan,chetanid,chetan.gupta,7854612456,Room no.123,002HALTUB001E,13,10,3,14:01,20-02-18
75,Chetan,chetanid,chetan.gupta,7854612456,Room no.123,001HALFAN002C,45,22,4,14:02,20-02-18
76,Chetan,chetanid,chetan.gupta,7854612456,Room no.123,003KITFAN003C,34,34,1,14:03,20-02-18
77,Chetan,chetanid,chetan.gupta,7854612456,Room no.123,004GPKTUB004C,24,56,2,14:04,20-02-18
78,Chetan,chetanid,chetan.gupta,7854612456,Room no.123,002HALTUB005E,12,34,3,14:05,20-02-18
79,Chetan,chetanid,chetan.gupta,7854612456,Room no.123,001HALFAN006C,56,23,4,14:06,20-02-18
80,Chetan,chetanid,chetan.gupta,7854612456,Room no.123,004GPKFAN007C,45,23,5,14:07,20-02-18
81,Chetan,chetanid,chetan.gupta,7854612456,Room no.123,002HALTUB008E,23,12,6,14:08,20-02-18
82,Siri,sirid,sai.nadiminti,9969625644,Room no.1,001HALBUL000N,23,12,1,14:00,20-02-18
83,Siri,siriid,sai.nadiminti,9969625644,Room no.1,002HALTUB001E,67,13,2,14:01,20-02-18
84,Siri,sirid,sai.nadiminti,9969625644,Room no.1,001HALFAN002C,57,5,3,14:02,20-02-18
85,Siri,siriid,sai.nadiminti,9969625644,Room no.1,003KITFAN003C,42,7,4,14:03,20-02-18
86,Siri,sirid,sai.nadiminti,9969625644,Room no.1,004GPKTUB004C,24,8,7,14:04,20-02-18
87,Siri,siriid,sai.nadiminti,9969625644,Room no.1,002HALTUB005E,4,9,2,14:05,20-02-18
88,Siri,sirid,sai.nadiminti,9969625644,Room no.1,001HALFAN006C,35,45,3,14:06,20-02-18
89,Siri,sirid,sai.nadiminti,9969625644,Room no.1,004GPKFAN007C,5,35,9,14:07,20-02-18
90,Siri,sirid,sai.nadiminti,9969625644,Room no.1,002HALTUB008E,35,23,4,14:08,20-02-18
91,Ashish,ashishid,ashish.joshi,7854612456,Room no.100,001HALBUL000N,44,32,2,14:00,20-02-18
92,Ashish,ashishid,ashish.joshi,7854612456,Room no.100,002HALTUB001E,23,10,3,14:01,20-02-18
93,Ashish,ashishid,ashish.joshi,7854612456,Room no.100,001HALFAN002C,46,22,4,14:02,20-02-18
94,Ashish,ashishid,ashish.joshi,7854612456,Room no.100,003KITFAN003C,89,34,1,14:03,20-02-18
95,Ashish,ashishid,ashish.joshi,7854612456,Room no.100,004GPKTUB004C,54,56,2,14:04,20-02-18
96,Ashish,ashishid,ashish.joshi,7854612456,Room no.100,002HALTUB005E,24,34,3,14:05,20-02-18
97,Ashish,ashishid,ashish.joshi,7854612456,Room no.100,001HALFAN006C,30,23,4,14:06,20-02-18
98,Ashish,ashishid,ashish.joshi,7854612456,Room no.100,004GPKFAN007C,87,23,5,14:07,20-02-18
99,Ashish,ashishid,ashish.joshi,7854612456,Room no.100,002HALTUB008E,45,12,6,14:08,20-02-18
100,Guru,guruid,guru.singh,123564235,Room no.2,001HALBUL000N,12,12,1,14:00,20-02-18
101,Guru,guruid,guru.singh,123564235,Room no.2,002HALTUB001E,54,13,2,14:01,20-02-18
102,Guru,guruid,guru.singh,123564235,Room no.2,001HALFAN002C,44,5,3,14:02,20-02-18
103,Guru,guruid,guru.singh,123564235,Room no.2,003KITFAN003C,58,7,4,14:03,20-02-18
104,Guru,guruid,guru.singh,123564235,Room no.2,004GPKTUB004C,12,8,7,14:04,20-02-18
105,Guru,guruid,guru.singh,123564235,Room no.2,002HALTUB005E,45,9,2,14:05,20-02-18
106,Guru,guruid,guru.singh,123564235,Room no.2,001HALFAN006C,78,45,3,14:06,20-02-18
107,Guru,guruid,guru.singh,123564235,Room no.2,004GPKFAN007C,35,35,9,14:07,20-02-18
108,Guru,guruid,guru.singh,123564235,Room no.2,002HALTUB008E,56,23,4,14:08,20-02-18
109,Chetan,chetanid,chetan.gupta,7854612456,Room no.123,001HALBUL000N,63,32,2,15:00,20-02-18
110,Chetan,chetanid,chetan.gupta,7854612456,Room no.123,002HALTUB001E,13,10,3,15:01,20-02-18
111,Chetan,chetanid,chetan.gupta,7854612456,Room no.123,001HALFAN002C,45,22,4,15:02,20-02-18
112,Chetan,chetanid,chetan.gupta,7854612456,Room no.123,003KITFAN003C,34,34,1,15:03,20-02-18
113,Chetan,chetanid,chetan.gupta,7854612456,Room no.123,004GPKTUB004C,24,56,2,15:04,20-02-18
114,Chetan,chetanid,chetan.gupta,7854612456,Room no.123,002HALTUB005E,12,34,3,15:05,20-02-18
115,Chetan,chetanid,chetan.gupta,7854612456,Room no.123,001HALFAN006C,56,23,4,15:06,20-02-18
116,Chetan,chetanid,chetan.gupta,7854612456,Room no.123,004GPKFAN007C,45,23,5,15:07,20-02-18
117,Chetan,chetanid,chetan.gupta,7854612456,Room no.123,002HALTUB008E,23,12,6,15:08,20-02-18
118,Siri,sirid,sai.nadiminti,9969625644,Room no.1,001HALBUL000N,23,12,1,15:00,20-02-18
119,Siri,siriid,sai.nadiminti,9969625644,Room no.1,002HALTUB001E,67,13,2,15:01,20-02-18
120,Siri,sirid,sai.nadiminti,9969625644,Room no.1,001HALFAN002C,57,5,3,15:02,20-02-18
121,Siri,siriid,sai.nadiminti,9969625644,Room no.1,003KITFAN003C,42,7,4,15:03,20-02-18
122,Siri,sirid,sai.nadiminti,9969625644,Room no.1,004GPKTUB004C,24,8,7,15:04,20-02-18
123,Siri,siriid,sai.nadiminti,9969625644,Room no.1,002HALTUB005E,4,9,2,15:05,20-02-18
124,Siri,sirid,sai.nadiminti,9969625644,Room no.1,001HALFAN006C,35,45,3,15:06,20-02-18
125,Siri,sirid,sai.nadiminti,9969625644,Room no.1,004GPKFAN007C,5,35,9,15:07,20-02-18
126,Siri,sirid,sai.nadiminti,9969625644,Room no.1,002HALTUB008E,35,23,4,15:08,20-02-18
127,Ashish,ashishid,ashish.joshi,7854612456,Room no.100,001HALBUL000N,44,32,2,15:00,20-02-18
128,Ashish,ashishid,ashish.joshi,7854612456,Room no.100,002HALTUB001E,23,10,3,15:01,20-02-18
129,Ashish,ashishid,ashish.joshi,7854612456,Room no.100,001HALFAN002C,46,22,4,15:02,20-02-18
130,Ashish,ashishid,ashish.joshi,7854612456,Room no.100,003KITFAN003C,89,34,1,15:03,20-02-18
131,Ashish,ashishid,ashish.joshi,7854612456,Room no.100,004GPKTUB004C,54,56,2,15:04,20-02-18
132,Ashish,ashishid,ashish.joshi,7854612456,Room no.100,002HALTUB005E,24,34,3,15:05,20-02-18
133,Ashish,ashishid,ashish.joshi,7854612456,Room no.100,001HALFAN006C,30,23,4,15:06,20-02-18
134,Ashish,ashishid,ashish.joshi,7854612456,Room no.100,004GPKFAN007C,87,23,5,15:07,20-02-18
135,Ashish,ashishid,ashish.joshi,7854612456,Room no.100,002HALTUB008E,45,12,6,15:08,20-02-18
136,Guru,guruid,guru.singh,123564235,Room no.2,001HALBUL000N,12,12,1,15:00,20-02-18
137,Guru,guruid,guru.singh,123564235,Room no.2,002HALTUB001E,54,13,2,15:01,20-02-18
138,Guru,guruid,guru.singh,123564235,Room no.2,001HALFAN002C,44,5,3,15:02,20-02-18
139,Guru,guruid,guru.singh,123564235,Room no.2,003KITFAN003C,58,7,4,15:03,20-02-18
140,Guru,guruid,guru.singh,123564235,Room no.2,004GPKTUB004C,12,8,7,15:04,20-02-18
141,Guru,guruid,guru.singh,123564235,Room no.2,002HALTUB005E,45,9,2,15:05,20-02-18
142,Guru,guruid,guru.singh,123564235,Room no.2,001HALFAN006C,78,45,3,15:06,20-02-18
143,Guru,guruid,guru.singh,123564235,Room no.2,004GPKFAN007C,35,35,9,15:07,20-02-18
144,Guru,guruid,guru.singh,123564235,Room no.2,002HALTUB008E,56,23,4,15:08,20-02-18
145,Chetan,chetanid,chetan.gupta,7854612456,Room no.123,001HALBUL000N,63,32,2,16:00,20-02-18
146,Chetan,chetanid,chetan.gupta,7854612456,Room no.123,002HALTUB001E,13,10,3,16:01,20-02-18
147,Chetan,chetanid,chetan.gupta,7854612456,Room no.123,001HALFAN002C,45,22,4,16:02,20-02-18
148,Chetan,chetanid,chetan.gupta,7854612456,Room no.123,003KITFAN003C,34,34,1,16:03,20-02-18
149,Chetan,chetanid,chetan.gupta,7854612456,Room no.123,004GPKTUB004C,24,56,2,16:04,20-02-18
150,Chetan,chetanid,chetan.gupta,7854612456,Room no.123,002HALTUB005E,12,34,3,16:05,20-02-18
151,Chetan,chetanid,chetan.gupta,7854612456,Room no.123,001HALFAN006C,56,23,4,16:06,20-02-18
152,Chetan,chetanid,chetan.gupta,7854612456,Room no.123,004GPKFAN007C,45,23,5,16:07,20-02-18
153,Chetan,chetanid,chetan.gupta,7854612456,Room no.123,002HALTUB008E,23,12,6,16:08,20-02-18
154,Siri,sirid,sai.nadiminti,9969625644,Room no.1,001HALBUL000N,23,12,1,16:00,20-02-18
155,Siri,siriid,sai.nadiminti,9969625644,Room no.1,002HALTUB001E,67,13,2,16:01,20-02-18
156,Siri,sirid,sai.nadiminti,9969625644,Room no.1,001HALFAN002C,57,5,3,16:02,20-02-18
157,Siri,siriid,sai.nadiminti,9969625644,Room no.1,003KITFAN003C,42,7,4,16:03,20-02-18
158,Siri,sirid,sai.nadiminti,9969625644,Room no.1,004GPKTUB004C,24,8,7,16:04,20-02-18
159,Siri,siriid,sai.nadiminti,9969625644,Room no.1,002HALTUB005E,4,9,2,16:05,20-02-18
160,Siri,sirid,sai.nadiminti,9969625644,Room no.1,001HALFAN006C,35,45,3,16:06,20-02-18
161,Siri,sirid,sai.nadiminti,9969625644,Room no.1,004GPKFAN007C,5,35,9,16:07,20-02-18
162,Siri,sirid,sai.nadiminti,9969625644,Room no.1,002HALTUB008E,35,23,4,16:08,20-02-18
163,Ashish,ashishid,ashish.joshi,7854612456,Room no.100,001HALBUL000N,44,32,2,16:00,20-02-18
164,Ashish,ashishid,ashish.joshi,7854612456,Room no.100,002HALTUB001E,23,10,3,16:01,20-02-18
165,Ashish,ashishid,ashish.joshi,7854612456,Room no.100,001HALFAN002C,46,22,4,16:02,20-02-18
166,Ashish,ashishid,ashish.joshi,7854612456,Room no.100,003KITFAN003C,89,34,1,16:03,20-02-18
167,Ashish,ashishid,ashish.joshi,7854612456,Room no.100,004GPKTUB004C,54,56,2,16:04,20-02-18
168,Ashish,ashishid,ashish.joshi,7854612456,Room no.100,002HALTUB005E,24,34,3,16:05,20-02-18
169,Ashish,ashishid,ashish.joshi,7854612456,Room no.100,001HALFAN006C,30,23,4,16:06,20-02-18
170,Ashish,ashishid,ashish.joshi,7854612456,Room no.100,004GPKFAN007C,87,23,5,16:07,20-02-18
171,Ashish,ashishid,ashish.joshi,7854612456,Room no.100,002HALTUB008E,45,12,6,16:08,20-02-18
172,Guru,guruid,guru.singh,123564235,Room no.2,001HALBUL000N,12,12,1,16:00,20-02-18
173,Guru,guruid,guru.singh,123564235,Room no.2,002HALTUB001E,54,13,2,16:01,20-02-18
174,Guru,guruid,guru.singh,123564235,Room no.2,001HALFAN002C,44,5,3,16:02,20-02-18
175,Guru,guruid,guru.singh,123564235,Room no.2,003KITFAN003C,58,7,4,16:03,20-02-18
176,Guru,guruid,guru.singh,123564235,Room no.2,004GPKTUB004C,12,8,7,16:04,20-02-18
177,Guru,guruid,guru.singh,123564235,Room no.2,002HALTUB005E,45,9,2,16:05,20-02-18
178,Guru,guruid,guru.singh,123564235,Room no.2,001HALFAN006C,78,45,3,16:06,20-02-18
179,Guru,guruid,guru.singh,123564235,Room no.2,004GPKFAN007C,35,35,9,16:07,20-02-18
180,Guru,guruid,guru.singh,123564235,Room no.2,002HALTUB008E,56,23,4,16:08,20-02-18
181,Chetan,chetanid,chetan.gupta,7854612456,Room no.123,001HALBUL000N,63,32,2,17:00,20-02-18
182,Chetan,chetanid,chetan.gupta,7854612456,Room no.123,002HALTUB001E,13,10,3,17:01,20-02-18
183,Chetan,chetanid,chetan.gupta,7854612456,Room no.123,001HALFAN002C,45,22,4,17:02,20-02-18
184,Chetan,chetanid,chetan.gupta,7854612456,Room no.123,003KITFAN003C,34,34,1,17:03,20-02-18
185,Chetan,chetanid,chetan.gupta,7854612456,Room no.123,004GPKTUB004C,24,56,2,17:04,20-02-18
186,Chetan,chetanid,chetan.gupta,7854612456,Room no.123,002HALTUB005E,12,34,3,17:05,20-02-18
187,Chetan,chetanid,chetan.gupta,7854612456,Room no.123,001HALFAN006C,56,23,4,17:06,20-02-18
188,Chetan,chetanid,chetan.gupta,7854612456,Room no.123,004GPKFAN007C,45,23,5,17:07,20-02-18
189,Chetan,chetanid,chetan.gupta,7854612456,Room no.123,002HALTUB008E,23,12,6,17:08,20-02-18
190,Siri,sirid,sai.nadiminti,9969625644,Room no.1,001HALBUL000N,23,12,1,17:00,20-02-18
191,Siri,siriid,sai.nadiminti,9969625644,Room no.1,002HALTUB001E,67,13,2,17:01,20-02-18
192,Siri,sirid,sai.nadiminti,9969625644,Room no.1,001HALFAN002C,57,5,3,17:02,20-02-18
193,Siri,siriid,sai.nadiminti,9969625644,Room no.1,003KITFAN003C,42,7,4,17:03,20-02-18
194,Siri,sirid,sai.nadiminti,9969625644,Room no.1,004GPKTUB004C,24,8,7,17:04,20-02-18
195,Siri,siriid,sai.nadiminti,9969625644,Room no.1,002HALTUB005E,4,9,2,17:05,20-02-18
196,Siri,sirid,sai.nadiminti,9969625644,Room no.1,001HALFAN006C,35,45,3,17:06,20-02-18
197,Siri,sirid,sai.nadiminti,9969625644,Room no.1,004GPKFAN007C,5,35,9,17:07,20-02-18
198,Siri,sirid,sai.nadiminti,9969625644,Room no.1,002HALTUB008E,35,23,4,17:08,20-02-18
199,Ashish,ashishid,ashish.joshi,7854612456,Room no.100,001HALBUL000N,44,32,2,17:00,20-02-18
200,Ashish,ashishid,ashish.joshi,7854612456,Room no.100,002HALTUB001E,23,10,3,17:01,20-02-18
201,Ashish,ashishid,ashish.joshi,7854612456,Room no.100,001HALFAN002C,46,22,4,17:02,20-02-18
202,Ashish,ashishid,ashish.joshi,7854612456,Room no.100,003KITFAN003C,89,34,1,17:03,20-02-18
203,Ashish,ashishid,ashish.joshi,7854612456,Room no.100,004GPKTUB004C,54,56,2,17:04,20-02-18
204,Ashish,ashishid,ashish.joshi,7854612456,Room no.100,002HALTUB005E,24,34,3,17:05,20-02-18
205,Ashish,ashishid,ashish.joshi,7854612456,Room no.100,001HALFAN006C,30,23,4,17:06,20-02-18
206,Ashish,ashishid,ashish.joshi,7854612456,Room no.100,004GPKFAN007C,87,23,5,17:07,20-02-18
207,Ashish,ashishid,ashish.joshi,7854612456,Room no.100,002HALTUB008E,45,12,6,17:08,20-02-18
208,Guru,guruid,guru.singh,123564235,Room no.2,001HALBUL000N,12,12,1,17:00,20-02-18
209,Guru,guruid,guru.singh,123564235,Room no.2,002HALTUB001E,54,13,2,17:01,20-02-18
210,Guru,guruid,guru.singh,123564235,Room no.2,001HALFAN002C,44,5,3,17:02,20-02-18
211,Guru,guruid,guru.singh,123564235,Room no.2,003KITFAN003C,58,7,4,17:03,20-02-18
212,Guru,guruid,guru.singh,123564235,Room no.2,004GPKTUB004C,12,8,7,17:04,20-02-18
213,Guru,guruid,guru.singh,123564235,Room no.2,002HALTUB005E,45,9,2,17:05,20-02-18
214,Guru,guruid,guru.singh,123564235,Room no.2,001HALFAN006C,78,45,3,17:06,20-02-18
215,Guru,guruid,guru.singh,123564235,Room no.2,004GPKFAN007C,35,35,9,17:07,20-02-18
216,Guru,guruid,guru.singh,123564235,Room no.2,002HALTUB008E,56,23,4,17:08,20-02-18
217,Chetan,chetanid,chetan.gupta,7854612456,Room no.123,001HALBUL000N,63,32,2,18:00,20-02-18
218,Chetan,chetanid,chetan.gupta,7854612456,Room no.123,002HALTUB001E,13,10,3,18:01,20-02-18
219,Chetan,chetanid,chetan.gupta,7854612456,Room no.123,001HALFAN002C,45,22,4,18:02,20-02-18
220,Chetan,chetanid,chetan.gupta,7854612456,Room no.123,003KITFAN003C,34,34,1,18:03,20-02-18
221,Chetan,chetanid,chetan.gupta,7854612456,Room no.123,004GPKTUB004C,24,56,2,18:04,20-02-18
222,Chetan,chetanid,chetan.gupta,7854612456,Room no.123,002HALTUB005E,12,34,3,18:05,20-02-18
223,Chetan,chetanid,chetan.gupta,7854612456,Room no.123,001HALFAN006C,56,23,4,18:06,20-02-18
224,Chetan,chetanid,chetan.gupta,7854612456,Room no.123,004GPKFAN007C,45,23,5,18:07,20-02-18
225,Chetan,chetanid,chetan.gupta,7854612456,Room no.123,002HALTUB008E,23,12,6,18:08,20-02-18
226,Siri,sirid,sai.nadiminti,9969625644,Room no.1,001HALBUL000N,23,12,1,18:00,20-02-18
227,Siri,siriid,sai.nadiminti,9969625644,Room no.1,002HALTUB001E,67,13,2,18:01,20-02-18
228,Siri,sirid,sai.nadiminti,9969625644,Room no.1,001HALFAN002C,57,5,3,18:02,20-02-18
229,Siri,siriid,sai.nadiminti,9969625644,Room no.1,003KITFAN003C,42,7,4,18:03,20-02-18
230,Siri,sirid,sai.nadiminti,9969625644,Room no.1,004GPKTUB004C,24,8,7,18:04,20-02-18
231,Siri,siriid,sai.nadiminti,9969625644,Room no.1,002HALTUB005E,4,9,2,18:05,20-02-18
232,Siri,sirid,sai.nadiminti,9969625644,Room no.1,001HALFAN006C,35,45,3,18:06,20-02-18
233,Siri,sirid,sai.nadiminti,9969625644,Room no.1,004GPKFAN007C,5,35,9,18:07,20-02-18
234,Siri,sirid,sai.nadiminti,9969625644,Room no.1,002HALTUB008E,35,23,4,18:08,20-02-18
235,Ashish,ashishid,ashish.joshi,7854612456,Room no.100,001HALBUL000N,44,32,2,18:00,20-02-18
236,Ashish,ashishid,ashish.joshi,7854612456,Room no.100,002HALTUB001E,23,10,3,18:01,20-02-18
237,Ashish,ashishid,ashish.joshi,7854612456,Room no.100,001HALFAN002C,46,22,4,18:02,20-02-18
238,Ashish,ashishid,ashish.joshi,7854612456,Room no.100,003KITFAN003C,89,34,1,18:03,20-02-18
239,Ashish,ashishid,ashish.joshi,7854612456,Room no.100,004GPKTUB004C,54,56,2,18:04,20-02-18
240,Ashish,ashishid,ashish.joshi,7854612456,Room no.100,002HALTUB005E,24,34,3,18:05,20-02-18
241,Ashish,ashishid,ashish.joshi,7854612456,Room no.100,001HALFAN006C,30,23,4,18:06,20-02-18
242,Ashish,ashishid,ashish.joshi,7854612456,Room no.100,004GPKFAN007C,87,23,5,18:07,20-02-18
243,Ashish,ashishid,ashish.joshi,7854612456,Room no.100,002HALTUB008E,45,12,6,18:08,20-02-18
244,Guru,guruid,guru.singh,123564235,Room no.2,001HALBUL000N,12,12,1,18:00,20-02-18
245,Guru,guruid,guru.singh,123564235,Room no.2,002HALTUB001E,54,13,2,18:01,20-02-18
246,Guru,guruid,guru.singh,123564235,Room no.2,001HALFAN002C,44,5,3,18:02,20-02-18
247,Guru,guruid,guru.singh,123564235,Room no.2,003KITFAN003C,58,7,4,18:03,20-02-18
248,Guru,guruid,guru.singh,123564235,Room no.2,004GPKTUB004C,12,8,7,18:04,20-02-18
249,Guru,guruid,guru.singh,123564235,Room no.2,002HALTUB005E,45,9,2,18:05,20-02-18
250,Guru,guruid,guru.singh,123564235,Room no.2,001HALFAN006C,78,45,3,18:06,20-02-18
251,Guru,guruid,guru.singh,123564235,Room no.2,004GPKFAN007C,35,35,9,18:07,20-02-18
252,Guru,guruid,guru.singh,123564235,Room no.2,002HALTUB008E,56,23,4,18:08,20-02-18
253,Chetan,chetanid,chetan.gupta,7854612456,Room no.123,001HALBUL000N,63,32,2,19:00,20-02-18
254,Chetan,chetanid,chetan.gupta,7854612456,Room no.123,002HALTUB001E,13,10,3,19:01,20-02-18
255,Chetan,chetanid,chetan.gupta,7854612456,Room no.123,001HALFAN002C,45,22,4,19:02,20-02-18
256,Chetan,chetanid,chetan.gupta,7854612456,Room no.123,003KITFAN003C,34,34,1,19:03,20-02-18
257,Chetan,chetanid,chetan.gupta,7854612456,Room no.123,004GPKTUB004C,24,56,2,19:04,20-02-18
258,Chetan,chetanid,chetan.gupta,7854612456,Room no.123,002HALTUB005E,12,34,3,19:05,20-02-18
259,Chetan,chetanid,chetan.gupta,7854612456,Room no.123,001HALFAN006C,56,23,4,19:06,20-02-18
260,Chetan,chetanid,chetan.gupta,7854612456,Room no.123,004GPKFAN007C,45,23,5,19:07,20-02-18
261,Chetan,chetanid,chetan.gupta,7854612456,Room no.123,002HALTUB008E,23,12,6,19:08,20-02-18
262,Siri,sirid,sai.nadiminti,9969625644,Room no.1,001HALBUL000N,23,12,1,19:00,20-02-18
263,Siri,siriid,sai.nadiminti,9969625644,Room no.1,002HALTUB001E,67,13,2,19:01,20-02-18
264,Siri,sirid,sai.nadiminti,9969625644,Room no.1,001HALFAN002C,57,5,3,19:02,20-02-18
265,Siri,siriid,sai.nadiminti,9969625644,Room no.1,003KITFAN003C,42,7,4,19:03,20-02-18
266,Siri,sirid,sai.nadiminti,9969625644,Room no.1,004GPKTUB004C,24,8,7,19:04,20-02-18
267,Siri,siriid,sai.nadiminti,9969625644,Room no.1,002HALTUB005E,4,9,2,19:05,20-02-18
268,Siri,sirid,sai.nadiminti,9969625644,Room no.1,001HALFAN006C,35,45,3,19:06,20-02-18
269,Siri,sirid,sai.nadiminti,9969625644,Room no.1,004GPKFAN007C,5,35,9,19:07,20-02-18
270,Siri,sirid,sai.nadiminti,9969625644,Room no.1,002HALTUB008E,35,23,4,19:08,20-02-18
271,Ashish,ashishid,ashish.joshi,7854612456,Room no.100,001HALBUL000N,44,32,2,19:00,20-02-18
272,Ashish,ashishid,ashish.joshi,7854612456,Room no.100,002HALTUB001E,23,10,3,19:01,20-02-18
273,Ashish,ashishid,ashish.joshi,7854612456,Room no.100,001HALFAN002C,46,22,4,19:02,20-02-18
274,Ashish,ashishid,ashish.joshi,7854612456,Room no.100,003KITFAN003C,89,34,1,19:03,20-02-18
275,Ashish,ashishid,ashish.joshi,7854612456,Room no.100,004GPKTUB004C,54,56,2,19:04,20-02-18
276,Ashish,ashishid,ashish.joshi,7854612456,Room no.100,002HALTUB005E,24,34,3,19:05,20-02-18
277,Ashish,ashishid,ashish.joshi,7854612456,Room no.100,001HALFAN006C,30,23,4,19:06,20-02-18
278,Ashish,ashishid,ashish.joshi,7854612456,Room no.100,004GPKFAN007C,87,23,5,19:07,20-02-18
279,Ashish,ashishid,ashish.joshi,7854612456,Room no.100,002HALTUB008E,45,12,6,19:08,20-02-18
280,Guru,guruid,guru.singh,123564235,Room no.2,001HALBUL000N,12,12,1,19:00,20-02-18
281,Guru,guruid,guru.singh,123564235,Room no.2,002HALTUB001E,54,13,2,19:01,20-02-18
282,Guru,guruid,guru.singh,123564235,Room no.2,001HALFAN002C,44,5,3,19:02,20-02-18
283,Guru,guruid,guru.singh,123564235,Room no.2,003KITFAN003C,58,7,4,19:03,20-02-18
284,Guru,guruid,guru.singh,123564235,Room no.2,004GPKTUB004C,12,8,7,19:04,20-02-18
285,Guru,guruid,guru.singh,123564235,Room no.2,002HALTUB005E,45,9,2,19:05,20-02-18
286,Guru,guruid,guru.singh,123564235,Room no.2,001HALFAN006C,78,45,3,19:06,20-02-18
287,Guru,guruid,guru.singh,123564235,Room no.2,004GPKFAN007C,35,35,9,19:07,20-02-18
288,Guru,guruid,guru.singh,123564235,Room no.2,002HALTUB008E,56,23,4,19:08,20-02-18
289,Chetan,chetanid,chetan.gupta,7854612456,Room no.123,001HALBUL000N,63,32,2,20:00,20-02-18
290,Chetan,chetanid,chetan.gupta,7854612456,Room no.123,002HALTUB001E,13,10,3,20:01,20-02-18
291,Chetan,chetanid,chetan.gupta,7854612456,Room no.123,001HALFAN002C,45,22,4,20:02,20-02-18
292,Chetan,chetanid,chetan.gupta,7854612456,Room no.123,003KITFAN003C,34,34,1,20:03,20-02-18
293,Chetan,chetanid,chetan.gupta,7854612456,Room no.123,004GPKTUB004C,24,56,2,20:04,20-02-18
294,Chetan,chetanid,chetan.gupta,7854612456,Room no.123,002HALTUB005E,12,34,3,20:05,20-02-18
295,Chetan,chetanid,chetan.gupta,7854612456,Room no.123,001HALFAN006C,56,23,4,20:06,20-02-18
296,Chetan,chetanid,chetan.gupta,7854612456,Room no.123,004GPKFAN007C,45,23,5,20:07,20-02-18
297,Chetan,chetanid,chetan.gupta,7854612456,Room no.123,002HALTUB008E,23,12,6,20:08,20-02-18
298,Siri,sirid,sai.nadiminti,9969625644,Room no.1,001HALBUL000N,23,12,1,20:00,20-02-18
299,Siri,siriid,sai.nadiminti,9969625644,Room no.1,002HALTUB001E,67,13,2,20:01,20-02-18
300,Siri,sirid,sai.nadiminti,9969625644,Room no.1,001HALFAN002C,57,5,3,20:02,20-02-18
301,Siri,siriid,sai.nadiminti,9969625644,Room no.1,003KITFAN003C,42,7,4,20:03,20-02-18
302,Siri,sirid,sai.nadiminti,9969625644,Room no.1,004GPKTUB004C,24,8,7,20:04,20-02-18
303,Siri,siriid,sai.nadiminti,9969625644,Room no.1,002HALTUB005E,4,9,2,20:05,20-02-18
304,Siri,sirid,sai.nadiminti,9969625644,Room no.1,001HALFAN006C,35,45,3,20:06,20-02-18
305,Siri,sirid,sai.nadiminti,9969625644,Room no.1,004GPKFAN007C,5,35,9,20:07,20-02-18
306,Siri,sirid,sai.nadiminti,9969625644,Room no.1,002HALTUB008E,35,23,4,20:08,20-02-18
307,Ashish,ashishid,ashish.joshi,7854612456,Room no.100,001HALBUL000N,44,32,2,20:00,20-02-18
308,Ashish,ashishid,ashish.joshi,7854612456,Room no.100,002HALTUB001E,23,10,3,20:01,20-02-18
309,Ashish,ashishid,ashish.joshi,7854612456,Room no.100,001HALFAN002C,46,22,4,20:02,20-02-18
310,Ashish,ashishid,ashish.joshi,7854612456,Room no.100,003KITFAN003C,89,34,1,20:03,20-02-18
311,Ashish,ashishid,ashish.joshi,7854612456,Room no.100,004GPKTUB004C,54,56,2,20:04,20-02-18
312,Ashish,ashishid,ashish.joshi,7854612456,Room no.100,002HALTUB005E,24,34,3,20:05,20-02-18
313,Ashish,ashishid,ashish.joshi,7854612456,Room no.100,001HALFAN006C,30,23,4,20:06,20-02-18
314,Ashish,ashishid,ashish.joshi,7854612456,Room no.100,004GPKFAN007C,87,23,5,20:07,20-02-18
315,Ashish,ashishid,ashish.joshi,7854612456,Room no.100,002HALTUB008E,45,12,6,20:08,20-02-18
316,Guru,guruid,guru.singh,123564235,Room no.2,001HALBUL000N,12,12,1,20:00,20-02-18
317,Guru,guruid,guru.singh,123564235,Room no.2,002HALTUB001E,54,13,2,20:01,20-02-18
318,Guru,guruid,guru.singh,123564235,Room no.2,001HALFAN002C,44,5,3,20:02,20-02-18
319,Guru,guruid,guru.singh,123564235,Room no.2,003KITFAN003C,58,7,4,20:03,20-02-18
320,Guru,guruid,guru.singh,123564235,Room no.2,004GPKTUB004C,12,8,7,20:04,20-02-18
321,Guru,guruid,guru.singh,123564235,Room no.2,002HALTUB005E,45,9,2,20:05,20-02-18
322,Guru,guruid,guru.singh,123564235,Room no.2,001HALFAN006C,78,45,3,20:06,20-02-18
323,Guru,guruid,guru.singh,123564235,Room no.2,004GPKFAN007C,35,35,9,20:07,20-02-18
324,Guru,guruid,guru.singh,123564235,Room no.2,002HALTUB008E,56,23,4,20:08,20-02-18
325,Chetan,chetanid,chetan.gupta,7854612456,Room no.123,001HALBUL000N,63,32,2,21:00,20-02-18
326,Chetan,chetanid,chetan.gupta,7854612456,Room no.123,002HALTUB001E,13,10,3,21:01,20-02-18
327,Chetan,chetanid,chetan.gupta,7854612456,Room no.123,001HALFAN002C,45,22,4,21:02,20-02-18
328,Chetan,chetanid,chetan.gupta,7854612456,Room no.123,003KITFAN003C,34,34,1,21:03,20-02-18
329,Chetan,chetanid,chetan.gupta,7854612456,Room no.123,004GPKTUB004C,24,56,2,21:04,20-02-18
330,Chetan,chetanid,chetan.gupta,7854612456,Room no.123,002HALTUB005E,12,34,3,21:05,20-02-18
331,Chetan,chetanid,chetan.gupta,7854612456,Room no.123,001HALFAN006C,56,23,4,21:06,20-02-18
332,Chetan,chetanid,chetan.gupta,7854612456,Room no.123,004GPKFAN007C,45,23,5,21:07,20-02-18
333,Chetan,chetanid,chetan.gupta,7854612456,Room no.123,002HALTUB008E,23,12,6,21:08,20-02-18
334,Siri,sirid,sai.nadiminti,9969625644,Room no.1,001HALBUL000N,23,12,1,21:00,20-02-18
335,Siri,siriid,sai.nadiminti,9969625644,Room no.1,002HALTUB001E,67,13,2,21:01,20-02-18
336,Siri,sirid,sai.nadiminti,9969625644,Room no.1,001HALFAN002C,57,5,3,21:02,20-02-18
337,Siri,siriid,sai.nadiminti,9969625644,Room no.1,003KITFAN003C,42,7,4,21:03,20-02-18
338,Siri,sirid,sai.nadiminti,9969625644,Room no.1,004GPKTUB004C,24,8,7,21:04,20-02-18
339,Siri,siriid,sai.nadiminti,9969625644,Room no.1,002HALTUB005E,4,9,2,21:05,20-02-18
340,Siri,sirid,sai.nadiminti,9969625644,Room no.1,001HALFAN006C,35,45,3,21:06,20-02-18
341,Siri,sirid,sai.nadiminti,9969625644,Room no.1,004GPKFAN007C,5,35,9,21:07,20-02-18
342,Siri,sirid,sai.nadiminti,9969625644,Room no.1,002HALTUB008E,35,23,4,21:08,20-02-18
343,Ashish,ashishid,ashish.joshi,7854612456,Room no.100,001HALBUL000N,44,32,2,21:00,20-02-18
344,Ashish,ashishid,ashish.joshi,7854612456,Room no.100,002HALTUB001E,23,10,3,21:01,20-02-18
345,Ashish,ashishid,ashish.joshi,7854612456,Room no.100,001HALFAN002C,46,22,4,21:02,20-02-18
346,Ashish,ashishid,ashish.joshi,7854612456,Room no.100,003KITFAN003C,89,34,1,21:03,20-02-18
347,Ashish,ashishid,ashish.joshi,7854612456,Room no.100,004GPKTUB004C,54,56,2,21:04,20-02-18
348,Ashish,ashishid,ashish.joshi,7854612456,Room no.100,002HALTUB005E,24,34,3,21:05,20-02-18
349,Ashish,ashishid,ashish.joshi,7854612456,Room no.100,001HALFAN006C,30,23,4,21:06,20-02-18
350,Ashish,ashishid,ashish.joshi,7854612456,Room no.100,004GPKFAN007C,87,23,5,21:07,20-02-18
351,Ashish,ashishid,ashish.joshi,7854612456,Room no.100,002HALTUB008E,45,12,6,21:08,20-02-18
352,Guru,guruid,guru.singh,123564235,Room no.2,001HALBUL000N,12,12,1,21:00,20-02-18
353,Guru,guruid,guru.singh,123564235,Room no.2,002HALTUB001E,54,13,2,21:01,20-02-18
354,Guru,guruid,guru.singh,123564235,Room no.2,001HALFAN002C,44,5,3,21:02,20-02-18
355,Guru,guruid,guru.singh,123564235,Room no.2,003KITFAN003C,58,7,4,21:03,20-02-18
356,Guru,guruid,guru.singh,123564235,Room no.2,004GPKTUB004C,12,8,7,21:04,20-02-18
357,Guru,guruid,guru.singh,123564235,Room no.2,002HALTUB005E,45,9,2,21:05,20-02-18
358,Guru,guruid,guru.singh,123564235,Room no.2,001HALFAN006C,78,45,3,21:06,20-02-18
359,Guru,guruid,guru.singh,123564235,Room no.2,004GPKFAN007C,35,35,9,21:07,20-02-18
360,Guru,guruid,guru.singh,123564235,Room no.2,002HALTUB008E,56,23,4,21:08,20-02-18
361,Chetan,chetanid,chetan.gupta,7854612456,Room no.123,001HALBUL000N,20,32,2,22:00,20-02-18
362,Chetan,chetanid,chetan.gupta,7854612456,Room no.123,002HALTUB001E,30,10,3,22:01,20-02-18
363,Chetan,chetanid,chetan.gupta,7854612456,Room no.123,001HALFAN002C,40,22,4,22:02,20-02-18
364,Chetan,chetanid,chetan.gupta,7854612456,Room no.123,003KITFAN003C,50,34,1,22:03,20-02-18
365,Chetan,chetanid,chetan.gupta,7854612456,Room no.123,004GPKTUB004C,10,56,2,22:04,20-02-18
366,Chetan,chetanid,chetan.gupta,7854612456,Room no.123,002HALTUB005E,20,34,3,22:05,20-02-18
367,Chetan,chetanid,chetan.gupta,7854612456,Room no.123,001HALFAN006C,30,23,4,22:06,20-02-18
368,Chetan,chetanid,chetan.gupta,7854612456,Room no.123,004GPKFAN007C,40,23,5,22:07,20-02-18
369,Chetan,chetanid,chetan.gupta,7854612456,Room no.123,002HALTUB008E,50,12,6,22:08,20-02-18
370,Siri,sirid,sai.nadiminti,9969625644,Room no.1,001HALBUL000N,12,12,1,22:00,20-02-18
371,Siri,siriid,sai.nadiminti,9969625644,Room no.1,002HALTUB001E,23,13,2,22:01,20-02-18
372,Siri,sirid,sai.nadiminti,9969625644,Room no.1,001HALFAN002C,44,5,3,22:02,20-02-18
373,Siri,siriid,sai.nadiminti,9969625644,Room no.1,003KITFAN003C,76,7,4,22:03,20-02-18
374,Siri,sirid,sai.nadiminti,9969625644,Room no.1,004GPKTUB004C,12,8,7,22:04,20-02-18
375,Siri,siriid,sai.nadiminti,9969625644,Room no.1,002HALTUB005E,45,9,2,22:05,20-02-18
376,Siri,sirid,sai.nadiminti,9969625644,Room no.1,001HALFAN006C,87,45,3,22:06,20-02-18
377,Siri,siriid,sai.nadiminti,9969625644,Room no.1,004GPKFAN007C,35,35,9,22:07,20-02-18
378,Siri,sirid,sai.nadiminti,9969625644,Room no.1,002HALTUB008E,56,23,4,22:08,20-02-18
379,Ashish,ashishid,ashish.joshi,7854612456,Room no.100,001HALBUL000N,20,32,2,22:00,20-02-18
380,Ashish,ashishid,ashish.joshi,7854612456,Room no.100,002HALTUB001E,30,10,3,22:01,20-02-18
381,Ashish,ashishid,ashish.joshi,7854612456,Room no.100,001HALFAN002C,40,22,4,22:02,20-02-18
382,Ashish,ashishid,ashish.joshi,7854612456,Room no.100,003KITFAN003C,50,34,1,22:03,20-02-18
383,Ashish,ashishid,ashish.joshi,7854612456,Room no.100,004GPKTUB004C,10,56,2,22:04,20-02-18
384,Ashish,ashishid,ashish.joshi,7854612456,Room no.100,002HALTUB005E,20,34,3,22:05,20-02-18
385,Ashish,ashishid,ashish.joshi,7854612456,Room no.100,001HALFAN006C,30,23,4,22:06,20-02-18
386,Ashish,ashishid,ashish.joshi,7854612456,Room no.100,004GPKFAN007C,40,23,5,22:07,20-02-18
387,Ashish,ashishid,ashish.joshi,7854612456,Room no.100,002HALTUB008E,50,12,6,22:08,20-02-18
388,Guru,guruid,guru.singh,123564235,Room no.2,001HALBUL000N,12,12,1,22:00,20-02-18
389,Guru,guruid,guru.singh,123564235,Room no.2,002HALTUB001E,23,13,2,22:01,20-02-18
390,Guru,guruid,guru.singh,123564235,Room no.2,001HALFAN002C,44,5,3,22:02,20-02-18
391,Guru,guruid,guru.singh,123564235,Room no.2,003KITFAN003C,76,7,4,22:03,20-02-18
392,Guru,guruid,guru.singh,123564235,Room no.2,004GPKTUB004C,12,8,7,22:04,20-02-18
393,Guru,guruid,guru.singh,123564235,Room no.2,002HALTUB005E,45,9,2,22:05,20-02-18
394,Guru,guruid,guru.singh,123564235,Room no.2,001HALFAN006C,87,45,3,22:06,20-02-18
395,Guru,guruid,guru.singh,123564235,Room no.2,004GPKFAN007C,35,35,9,22:07,20-02-18
396,Guru,guruid,guru.singh,123564235,Room no.2,002HALTUB008E,56,23,4,22:08,20-02-18
397,Chetan,chetanid,chetan.gupta,7854612456,Room no.123,001HALBUL000N,12,32,2,23:00,20-02-18
398,Chetan,chetanid,chetan.gupta,7854612456,Room no.123,002HALTUB001E,13,10,3,23:01,20-02-18
399,Chetan,chetanid,chetan.gupta,7854612456,Room no.123,001HALFAN002C,54,22,4,23:02,20-02-18
400,Chetan,chetanid,chetan.gupta,7854612456,Room no.123,003KITFAN003C,34,34,1,23:03,20-02-18
401,Chetan,chetanid,chetan.gupta,7854612456,Room no.123,004GPKTUB004C,34,56,2,23:04,20-02-18
402,Chetan,chetanid,chetan.gupta,7854612456,Room no.123,002HALTUB005E,12,34,3,23:05,20-02-18
403,Chetan,chetanid,chetan.gupta,7854612456,Room no.123,001HALFAN006C,67,23,4,23:06,20-02-18
404,Chetan,chetanid,chetan.gupta,7854612456,Room no.123,004GPKFAN007C,45,23,5,23:07,20-02-18
405,Chetan,chetanid,chetan.gupta,7854612456,Room no.123,002HALTUB008E,34,12,6,23:08,20-02-18
406,Siri,sirid,sai.nadiminti,9969625644,Room no.1,001HALBUL000N,23,12,1,23:00,20-02-18
407,Siri,siriid,sai.nadiminti,9969625644,Room no.1,002HALTUB001E,57,13,2,23:01,20-02-18
408,Siri,sirid,sai.nadiminti,9969625644,Room no.1,001HALFAN002C,57,5,3,23:02,20-02-18
409,Siri,siriid,sai.nadiminti,9969625644,Room no.1,003KITFAN003C,33,7,4,23:03,20-02-18
410,Siri,sirid,sai.nadiminti,9969625644,Room no.1,004GPKTUB004C,24,8,7,23:04,20-02-18
411,Siri,siriid,sai.nadiminti,9969625644,Room no.1,002HALTUB005E,24,9,2,23:05,20-02-18
412,Siri,sirid,sai.nadiminti,9969625644,Room no.1,001HALFAN006C,35,45,3,23:06,20-02-18
413,Siri,sirid,sai.nadiminti,9969625644,Room no.1,004GPKFAN007C,35,35,9,23:07,20-02-18
414,Siri,sirid,sai.nadiminti,9969625644,Room no.1,002HALTUB008E,56,23,4,23:08,20-02-18
415,Ashish,ashishid,ashish.joshi,7854612456,Room no.100,001HALBUL000N,34,32,2,23:00,20-02-18
416,Ashish,ashishid,ashish.joshi,7854612456,Room no.100,002HALTUB001E,30,10,3,23:01,20-02-18
417,Ashish,ashishid,ashish.joshi,7854612456,Room no.100,001HALFAN002C,56,22,4,23:02,20-02-18
418,Ashish,ashishid,ashish.joshi,7854612456,Room no.100,003KITFAN003C,50,34,1,23:03,20-02-18
419,Ashish,ashishid,ashish.joshi,7854612456,Room no.100,004GPKTUB004C,55,56,2,23:04,20-02-18
420,Ashish,ashishid,ashish.joshi,7854612456,Room no.100,002HALTUB005E,20,34,3,23:05,20-02-18
421,Ashish,ashishid,ashish.joshi,7854612456,Room no.100,001HALFAN006C,30,23,4,23:06,20-02-18
422,Ashish,ashishid,ashish.joshi,7854612456,Room no.100,004GPKFAN007C,87,23,5,23:07,20-02-18
423,Ashish,ashishid,ashish.joshi,7854612456,Room no.100,002HALTUB008E,50,12,6,23:08,20-02-18
424,Guru,guruid,guru.singh,123564235,Room no.2,001HALBUL000N,12,12,1,23:00,20-02-18
425,Guru,guruid,guru.singh,123564235,Room no.2,002HALTUB001E,54,13,2,23:01,20-02-18
426,Guru,guruid,guru.singh,123564235,Room no.2,001HALFAN002C,44,5,3,23:02,20-02-18
427,Guru,guruid,guru.singh,123564235,Room no.2,003KITFAN003C,58,7,4,23:03,20-02-18
428,Guru,guruid,guru.singh,123564235,Room no.2,004GPKTUB004C,12,8,7,23:04,20-02-18
429,Guru,guruid,guru.singh,123564235,Room no.2,002HALTUB005E,45,9,2,23:05,20-02-18
430,Guru,guruid,guru.singh,123564235,Room no.2,001HALFAN006C,78,45,3,23:06,20-02-18
431,Guru,guruid,guru.singh,123564235,Room no.2,004GPKFAN007C,35,35,9,23:07,20-02-18
432,Guru,guruid,guru.singh,123564235,Room no.2,002HALTUB008E,56,23,4,23:08,20-02-18
433,Chetan,chetanid,chetan.gupta,7854612456,Room no.123,001HALBUL000N,63,32,2,00:00,20-02-18
434,Chetan,chetanid,chetan.gupta,7854612456,Room no.123,002HALTUB001E,13,10,3,00:01,20-02-18
435,Chetan,chetanid,chetan.gupta,7854612456,Room no.123,001HALFAN002C,45,22,4,00:02,20-02-18
436,Chetan,chetanid,chetan.gupta,7854612456,Room no.123,003KITFAN003C,34,34,1,00:03,20-02-18
437,Chetan,chetanid,chetan.gupta,7854612456,Room no.123,004GPKTUB004C,24,56,2,00:04,20-02-18
438,Chetan,chetanid,chetan.gupta,7854612456,Room no.123,002HALTUB005E,12,34,3,00:05,20-02-18
439,Chetan,chetanid,chetan.gupta,7854612456,Room no.123,001HALFAN006C,56,23,4,00:06,20-02-18
440,Chetan,chetanid,chetan.gupta,7854612456,Room no.123,004GPKFAN007C,45,23,5,00:07,20-02-18
441,Chetan,chetanid,chetan.gupta,7854612456,Room no.123,002HALTUB008E,23,12,6,00:08,20-02-18
442,Siri,sirid,sai.nadiminti,9969625644,Room no.1,001HALBUL000N,23,12,1,00:00,20-02-18
443,Siri,siriid,sai.nadiminti,9969625644,Room no.1,002HALTUB001E,67,13,2,00:01,20-02-18
444,Siri,sirid,sai.nadiminti,9969625644,Room no.1,001HALFAN002C,57,5,3,00:02,20-02-18
445,Siri,siriid,sai.nadiminti,9969625644,Room no.1,003KITFAN003C,42,7,4,00:03,20-02-18
446,Siri,sirid,sai.nadiminti,9969625644,Room no.1,004GPKTUB004C,24,8,7,00:04,20-02-18
447,Siri,siriid,sai.nadiminti,9969625644,Room no.1,002HALTUB005E,4,9,2,00:05,20-02-18
448,Siri,sirid,sai.nadiminti,9969625644,Room no.1,001HALFAN006C,35,45,3,00:06,20-02-18
449,Siri,sirid,sai.nadiminti,9969625644,Room no.1,004GPKFAN007C,5,35,9,00:07,20-02-18
450,Siri,sirid,sai.nadiminti,9969625644,Room no.1,002HALTUB008E,35,23,4,00:08,20-02-18
451,Ashish,ashishid,ashish.joshi,7854612456,Room no.100,001HALBUL000N,44,32,2,00:00,20-02-18
452,Ashish,ashishid,ashish.joshi,7854612456,Room no.100,002HALTUB001E,23,10,3,00:01,20-02-18
453,Ashish,ashishid,ashish.joshi,7854612456,Room no.100,001HALFAN002C,46,22,4,00:02,20-02-18
454,Ashish,ashishid,ashish.joshi,7854612456,Room no.100,003KITFAN003C,89,34,1,00:03,20-02-18
455,Ashish,ashishid,ashish.joshi,7854612456,Room no.100,004GPKTUB004C,54,56,2,00:04,20-02-18
456,Ashish,ashishid,ashish.joshi,7854612456,Room no.100,002HALTUB005E,24,34,3,00:05,20-02-18
457,Ashish,ashishid,ashish.joshi,7854612456,Room no.100,001HALFAN006C,30,23,4,00:06,20-02-18
458,Ashish,ashishid,ashish.joshi,7854612456,Room no.100,004GPKFAN007C,87,23,5,00:07,20-02-18
459,Ashish,ashishid,ashish.joshi,7854612456,Room no.100,002HALTUB008E,45,12,6,00:08,20-02-18
460,Guru,guruid,guru.singh,123564235,Room no.2,001HALBUL000N,12,12,1,00:00,20-02-18
461,Guru,guruid,guru.singh,123564235,Room no.2,002HALTUB001E,54,13,2,00:01,20-02-18
462,Guru,guruid,guru.singh,123564235,Room no.2,001HALFAN002C,44,5,3,00:02,20-02-18
463,Guru,guruid,guru.singh,123564235,Room no.2,003KITFAN003C,58,7,4,00:03,20-02-18
464,Guru,guruid,guru.singh,123564235,Room no.2,004GPKTUB004C,12,8,7,00:04,20-02-18
465,Guru,guruid,guru.singh,123564235,Room no.2,002HALTUB005E,45,9,2,00:05,20-02-18
466,Guru,guruid,guru.singh,123564235,Room no.2,001HALFAN006C,78,45,3,00:06,20-02-18
467,Guru,guruid,guru.singh,123564235,Room no.2,004GPKFAN007C,35,35,9,00:07,20-02-18
468,Guru,guruid,guru.singh,123564235,Room no.2,002HALTUB008E,56,23,4,00:08,20-02-18
469,Chetan,chetanid,chetan.gupta,7854612456,Room no.123,001HALBUL000N,63,32,2,01:00,20-02-18
470,Chetan,chetanid,chetan.gupta,7854612456,Room no.123,002HALTUB001E,13,10,3,01:01,20-02-18
471,Chetan,chetanid,chetan.gupta,7854612456,Room no.123,001HALFAN002C,45,22,4,01:02,20-02-18
472,Chetan,chetanid,chetan.gupta,7854612456,Room no.123,003KITFAN003C,34,34,1,01:03,20-02-18
473,Chetan,chetanid,chetan.gupta,7854612456,Room no.123,004GPKTUB004C,24,56,2,01:04,20-02-18
474,Chetan,chetanid,chetan.gupta,7854612456,Room no.123,002HALTUB005E,12,34,3,01:05,20-02-18
475,Chetan,chetanid,chetan.gupta,7854612456,Room no.123,001HALFAN006C,56,23,4,01:06,20-02-18
476,Chetan,chetanid,chetan.gupta,7854612456,Room no.123,004GPKFAN007C,45,23,5,01:07,20-02-18
477,Chetan,chetanid,chetan.gupta,7854612456,Room no.123,002HALTUB008E,23,12,6,01:08,20-02-18
478,Siri,sirid,sai.nadiminti,9969625644,Room no.1,001HALBUL000N,23,12,1,01:00,20-02-18
479,Siri,siriid,sai.nadiminti,9969625644,Room no.1,002HALTUB001E,67,13,2,01:01,20-02-18
480,Siri,sirid,sai.nadiminti,9969625644,Room no.1,001HALFAN002C,57,5,3,01:02,20-02-18
481,Siri,siriid,sai.nadiminti,9969625644,Room no.1,003KITFAN003C,42,7,4,01:03,20-02-18
482,Siri,sirid,sai.nadiminti,9969625644,Room no.1,004GPKTUB004C,24,8,7,01:04,20-02-18
483,Siri,siriid,sai.nadiminti,9969625644,Room no.1,002HALTUB005E,4,9,2,01:05,20-02-18
484,Siri,sirid,sai.nadiminti,9969625644,Room no.1,001HALFAN006C,35,45,3,01:06,20-02-18
485,Siri,sirid,sai.nadiminti,9969625644,Room no.1,004GPKFAN007C,5,35,9,01:07,20-02-18
486,Siri,sirid,sai.nadiminti,9969625644,Room no.1,002HALTUB008E,35,23,4,01:08,20-02-18
487,Ashish,ashishid,ashish.joshi,7854612456,Room no.100,001HALBUL000N,44,32,2,01:00,20-02-18
488,Ashish,ashishid,ashish.joshi,7854612456,Room no.100,002HALTUB001E,23,10,3,01:01,20-02-18
489,Ashish,ashishid,ashish.joshi,7854612456,Room no.100,001HALFAN002C,46,22,4,01:02,20-02-18
490,Ashish,ashishid,ashish.joshi,7854612456,Room no.100,003KITFAN003C,89,34,1,01:03,20-02-18
491,Ashish,ashishid,ashish.joshi,7854612456,Room no.100,004GPKTUB004C,54,56,2,01:04,20-02-18
492,Ashish,ashishid,ashish.joshi,7854612456,Room no.100,002HALTUB005E,24,34,3,01:05,20-02-18
493,Ashish,ashishid,ashish.joshi,7854612456,Room no.100,001HALFAN006C,30,23,4,01:06,20-02-18
494,Ashish,ashishid,ashish.joshi,7854612456,Room no.100,004GPKFAN007C,87,23,5,01:07,20-02-18
495,Ashish,ashishid,ashish.joshi,7854612456,Room no.100,002HALTUB008E,45,12,6,01:08,20-02-18
496,Guru,guruid,guru.singh,123564235,Room no.2,001HALBUL000N,12,12,1,01:00,20-02-18
497,Guru,guruid,guru.singh,123564235,Room no.2,002HALTUB001E,54,13,2,01:01,20-02-18
498,Guru,guruid,guru.singh,123564235,Room no.2,001HALFAN002C,44,5,3,01:02,20-02-18
499,Guru,guruid,guru.singh,123564235,Room no.2,003KITFAN003C,58,7,4,01:03,20-02-18
500,Guru,guruid,guru.singh,123564235,Room no.2,004GPKTUB004C,12,8,7,01:04,20-02-18
501,Guru,guruid,guru.singh,123564235,Room no.2,002HALTUB005E,45,9,2,01:05,20-02-18
502,Guru,guruid,guru.singh,123564235,Room no.2,001HALFAN006C,78,45,3,01:06,20-02-18
503,Guru,guruid,guru.singh,123564235,Room no.2,004GPKFAN007C,35,35,9,01:07,20-02-18
504,Guru,guruid,guru.singh,123564235,Room no.2,002HALTUB008E,56,23,4,01:08,20-02-18
505,Chetan,chetanid,chetan.gupta,7854612456,Room no.123,001HALBUL000N,63,32,2,02:00,20-02-18
506,Chetan,chetanid,chetan.gupta,7854612456,Room no.123,002HALTUB001E,13,10,3,02:01,20-02-18
507,Chetan,chetanid,chetan.gupta,7854612456,Room no.123,001HALFAN002C,45,22,4,02:02,20-02-18
508,Chetan,chetanid,chetan.gupta,7854612456,Room no.123,003KITFAN003C,34,34,1,02:03,20-02-18
509,Chetan,chetanid,chetan.gupta,7854612456,Room no.123,004GPKTUB004C,24,56,2,02:04,20-02-18
510,Chetan,chetanid,chetan.gupta,7854612456,Room no.123,002HALTUB005E,12,34,3,02:05,20-02-18
511,Chetan,chetanid,chetan.gupta,7854612456,Room no.123,001HALFAN006C,56,23,4,02:06,20-02-18
512,Chetan,chetanid,chetan.gupta,7854612456,Room no.123,004GPKFAN007C,45,23,5,02:07,20-02-18
513,Chetan,chetanid,chetan.gupta,7854612456,Room no.123,002HALTUB008E,23,12,6,02:08,20-02-18
514,Siri,sirid,sai.nadiminti,9969625644,Room no.1,001HALBUL000N,23,12,1,02:00,20-02-18
515,Siri,siriid,sai.nadiminti,9969625644,Room no.1,002HALTUB001E,67,13,2,02:01,20-02-18
516,Siri,sirid,sai.nadiminti,9969625644,Room no.1,001HALFAN002C,57,5,3,02:02,20-02-18
517,Siri,siriid,sai.nadiminti,9969625644,Room no.1,003KITFAN003C,42,7,4,02:03,20-02-18
518,Siri,sirid,sai.nadiminti,9969625644,Room no.1,004GPKTUB004C,24,8,7,02:04,20-02-18
519,Siri,siriid,sai.nadiminti,9969625644,Room no.1,002HALTUB005E,4,9,2,02:05,20-02-18
520,Siri,sirid,sai.nadiminti,9969625644,Room no.1,001HALFAN006C,35,45,3,02:06,20-02-18
521,Siri,sirid,sai.nadiminti,9969625644,Room no.1,004GPKFAN007C,5,35,9,02:07,20-02-18
522,Siri,sirid,sai.nadiminti,9969625644,Room no.1,002HALTUB008E,35,23,4,02:08,20-02-18
523,Ashish,ashishid,ashish.joshi,7854612456,Room no.100,001HALBUL000N,44,32,2,02:00,20-02-18
524,Ashish,ashishid,ashish.joshi,7854612456,Room no.100,002HALTUB001E,23,10,3,02:01,20-02-18
525,Ashish,ashishid,ashish.joshi,7854612456,Room no.100,001HALFAN002C,46,22,4,02:02,20-02-18
526,Ashish,ashishid,ashish.joshi,7854612456,Room no.100,003KITFAN003C,89,34,1,02:03,20-02-18
527,Ashish,ashishid,ashish.joshi,7854612456,Room no.100,004GPKTUB004C,54,56,2,02:04,20-02-18
528,Ashish,ashishid,ashish.joshi,7854612456,Room no.100,002HALTUB005E,24,34,3,02:05,20-02-18
529,Ashish,ashishid,ashish.joshi,7854612456,Room no.100,001HALFAN006C,30,23,4,02:06,20-02-18
530,Ashish,ashishid,ashish.joshi,7854612456,Room no.100,004GPKFAN007C,87,23,5,02:07,20-02-18
531,Ashish,ashishid,ashish.joshi,7854612456,Room no.100,002HALTUB008E,45,12,6,02:08,20-02-18
532,Guru,guruid,guru.singh,123564235,Room no.2,001HALBUL000N,12,12,1,02:00,20-02-18
533,Guru,guruid,guru.singh,123564235,Room no.2,002HALTUB001E,54,13,2,02:01,20-02-18
534,Guru,guruid,guru.singh,123564235,Room no.2,001HALFAN002C,44,5,3,02:02,20-02-18
535,Guru,guruid,guru.singh,123564235,Room no.2,003KITFAN003C,58,7,4,02:03,20-02-18
536,Guru,guruid,guru.singh,123564235,Room no.2,004GPKTUB004C,12,8,7,02:04,20-02-18
537,Guru,guruid,guru.singh,123564235,Room no.2,002HALTUB005E,45,9,2,02:05,20-02-18
538,Guru,guruid,guru.singh,123564235,Room no.2,001HALFAN006C,78,45,3,02:06,20-02-18
539,Guru,guruid,guru.singh,123564235,Room no.2,004GPKFAN007C,35,35,9,02:07,20-02-18
540,Guru,guruid,guru.singh,123564235,Room no.2,002HALTUB008E,56,23,4,02:08,20-02-18
541,Chetan,chetanid,chetan.gupta,7854612456,Room no.123,001HALBUL000N,63,32,2,03:00,20-02-18
542,Chetan,chetanid,chetan.gupta,7854612456,Room no.123,002HALTUB001E,13,10,3,03:01,20-02-18
543,Chetan,chetanid,chetan.gupta,7854612456,Room no.123,001HALFAN002C,45,22,4,03:02,20-02-18
544,Chetan,chetanid,chetan.gupta,7854612456,Room no.123,003KITFAN003C,34,34,1,03:03,20-02-18
545,Chetan,chetanid,chetan.gupta,7854612456,Room no.123,004GPKTUB004C,24,56,2,03:04,20-02-18
546,Chetan,chetanid,chetan.gupta,7854612456,Room no.123,002HALTUB005E,12,34,3,03:05,20-02-18
547,Chetan,chetanid,chetan.gupta,7854612456,Room no.123,001HALFAN006C,56,23,4,03:06,20-02-18
548,Chetan,chetanid,chetan.gupta,7854612456,Room no.123,004GPKFAN007C,45,23,5,03:07,20-02-18
549,Chetan,chetanid,chetan.gupta,7854612456,Room no.123,002HALTUB008E,23,12,6,03:08,20-02-18
550,Siri,sirid,sai.nadiminti,9969625644,Room no.1,001HALBUL000N,23,12,1,03:00,20-02-18
551,Siri,siriid,sai.nadiminti,9969625644,Room no.1,002HALTUB001E,67,13,2,03:01,20-02-18
552,Siri,sirid,sai.nadiminti,9969625644,Room no.1,001HALFAN002C,57,5,3,03:02,20-02-18
553,Siri,siriid,sai.nadiminti,9969625644,Room no.1,003KITFAN003C,42,7,4,03:03,20-02-18
554,Siri,sirid,sai.nadiminti,9969625644,Room no.1,004GPKTUB004C,24,8,7,03:04,20-02-18
555,Siri,siriid,sai.nadiminti,9969625644,Room no.1,002HALTUB005E,4,9,2,03:05,20-02-18
556,Siri,sirid,sai.nadiminti,9969625644,Room no.1,001HALFAN006C,35,45,3,03:06,20-02-18
557,Siri,sirid,sai.nadiminti,9969625644,Room no.1,004GPKFAN007C,5,35,9,03:07,20-02-18
558,Siri,sirid,sai.nadiminti,9969625644,Room no.1,002HALTUB008E,35,23,4,03:08,20-02-18
559,Ashish,ashishid,ashish.joshi,7854612456,Room no.100,001HALBUL000N,44,32,2,03:00,20-02-18
560,Ashish,ashishid,ashish.joshi,7854612456,Room no.100,002HALTUB001E,23,10,3,03:01,20-02-18
561,Ashish,ashishid,ashish.joshi,7854612456,Room no.100,001HALFAN002C,46,22,4,03:02,20-02-18
562,Ashish,ashishid,ashish.joshi,7854612456,Room no.100,003KITFAN003C,89,34,1,03:03,20-02-18
563,Ashish,ashishid,ashish.joshi,7854612456,Room no.100,004GPKTUB004C,54,56,2,03:04,20-02-18
564,Ashish,ashishid,ashish.joshi,7854612456,Room no.100,002HALTUB005E,24,34,3,03:05,20-02-18
565,Ashish,ashishid,ashish.joshi,7854612456,Room no.100,001HALFAN006C,30,23,4,03:06,20-02-18
566,Ashish,ashishid,ashish.joshi,7854612456,Room no.100,004GPKFAN007C,87,23,5,03:07,20-02-18
567,Ashish,ashishid,ashish.joshi,7854612456,Room no.100,002HALTUB008E,45,12,6,03:08,20-02-18
568,Guru,guruid,guru.singh,123564235,Room no.2,001HALBUL000N,12,12,1,03:00,20-02-18
569,Guru,guruid,guru.singh,123564235,Room no.2,002HALTUB001E,54,13,2,03:01,20-02-18
570,Guru,guruid,guru.singh,123564235,Room no.2,001HALFAN002C,44,5,3,03:02,20-02-18
571,Guru,guruid,guru.singh,123564235,Room no.2,003KITFAN003C,58,7,4,03:03,20-02-18
572,Guru,guruid,guru.singh,123564235,Room no.2,004GPKTUB004C,12,8,7,03:04,20-02-18
573,Guru,guruid,guru.singh,123564235,Room no.2,002HALTUB005E,45,9,2,03:05,20-02-18
574,Guru,guruid,guru.singh,123564235,Room no.2,001HALFAN006C,78,45,3,03:06,20-02-18
575,Guru,guruid,guru.singh,123564235,Room no.2,004GPKFAN007C,35,35,9,03:07,20-02-18
576,Guru,guruid,guru.singh,123564235,Room no.2,002HALTUB008E,56,23,4,03:08,20-02-18
577,Chetan,chetanid,chetan.gupta,7854612456,Room no.123,001HALBUL000N,63,32,2,04:00,20-02-18
578,Chetan,chetanid,chetan.gupta,7854612456,Room no.123,002HALTUB001E,13,10,3,04:01,20-02-18
579,Chetan,chetanid,chetan.gupta,7854612456,Room no.123,001HALFAN002C,45,22,4,04:02,20-02-18
580,Chetan,chetanid,chetan.gupta,7854612456,Room no.123,003KITFAN003C,34,34,1,04:03,20-02-18
581,Chetan,chetanid,chetan.gupta,7854612456,Room no.123,004GPKTUB004C,24,56,2,04:04,20-02-18
582,Chetan,chetanid,chetan.gupta,7854612456,Room no.123,002HALTUB005E,12,34,3,04:05,20-02-18
583,Chetan,chetanid,chetan.gupta,7854612456,Room no.123,001HALFAN006C,56,23,4,04:06,20-02-18
584,Chetan,chetanid,chetan.gupta,7854612456,Room no.123,004GPKFAN007C,45,23,5,04:07,20-02-18
585,Chetan,chetanid,chetan.gupta,7854612456,Room no.123,002HALTUB008E,23,12,6,04:08,20-02-18
586,Siri,sirid,sai.nadiminti,9969625644,Room no.1,001HALBUL000N,23,12,1,04:00,20-02-18
587,Siri,siriid,sai.nadiminti,9969625644,Room no.1,002HALTUB001E,67,13,2,04:01,20-02-18
588,Siri,sirid,sai.nadiminti,9969625644,Room no.1,001HALFAN002C,57,5,3,04:02,20-02-18
589,Siri,siriid,sai.nadiminti,9969625644,Room no.1,003KITFAN003C,42,7,4,04:03,20-02-18
590,Siri,sirid,sai.nadiminti,9969625644,Room no.1,004GPKTUB004C,24,8,7,04:04,20-02-18
591,Siri,siriid,sai.nadiminti,9969625644,Room no.1,002HALTUB005E,4,9,2,04:05,20-02-18
592,Siri,sirid,sai.nadiminti,9969625644,Room no.1,001HALFAN006C,35,45,3,04:06,20-02-18
593,Siri,sirid,sai.nadiminti,9969625644,Room no.1,004GPKFAN007C,5,35,9,04:07,20-02-18
594,Siri,sirid,sai.nadiminti,9969625644,Room no.1,002HALTUB008E,35,23,4,04:08,20-02-18
595,Ashish,ashishid,ashish.joshi,7854612456,Room no.100,001HALBUL000N,44,32,2,04:00,20-02-18
596,Ashish,ashishid,ashish.joshi,7854612456,Room no.100,002HALTUB001E,23,10,3,04:01,20-02-18
597,Ashish,ashishid,ashish.joshi,7854612456,Room no.100,001HALFAN002C,46,22,4,04:02,20-02-18
598,Ashish,ashishid,ashish.joshi,7854612456,Room no.100,003KITFAN003C,89,34,1,04:03,20-02-18
599,Ashish,ashishid,ashish.joshi,7854612456,Room no.100,004GPKTUB004C,54,56,2,04:04,20-02-18
600,Ashish,ashishid,ashish.joshi,7854612456,Room no.100,002HALTUB005E,24,34,3,04:05,20-02-18
601,Ashish,ashishid,ashish.joshi,7854612456,Room no.100,001HALFAN006C,30,23,4,04:06,20-02-18
602,Ashish,ashishid,ashish.joshi,7854612456,Room no.100,004GPKFAN007C,87,23,5,04:07,20-02-18
603,Ashish,ashishid,ashish.joshi,7854612456,Room no.100,002HALTUB008E,45,12,6,04:08,20-02-18
604,Guru,guruid,guru.singh,123564235,Room no.2,001HALBUL000N,12,12,1,04:00,20-02-18
605,Guru,guruid,guru.singh,123564235,Room no.2,002HALTUB001E,54,13,2,04:01,20-02-18
606,Guru,guruid,guru.singh,123564235,Room no.2,001HALFAN002C,44,5,3,04:02,20-02-18
607,Guru,guruid,guru.singh,123564235,Room no.2,003KITFAN003C,58,7,4,04:03,20-02-18
608,Guru,guruid,guru.singh,123564235,Room no.2,004GPKTUB004C,12,8,7,04:04,20-02-18
609,Guru,guruid,guru.singh,123564235,Room no.2,002HALTUB005E,45,9,2,04:05,20-02-18
610,Guru,guruid,guru.singh,123564235,Room no.2,001HALFAN006C,78,45,3,04:06,20-02-18
611,Guru,guruid,guru.singh,123564235,Room no.2,004GPKFAN007C,35,35,9,04:07,20-02-18
612,Guru,guruid,guru.singh,123564235,Room no.2,002HALTUB008E,56,23,4,04:08,20-02-18
613,Chetan,chetanid,chetan.gupta,7854612456,Room no.123,001HALBUL000N,63,32,2,05:00,20-02-18
614,Chetan,chetanid,chetan.gupta,7854612456,Room no.123,002HALTUB001E,13,10,3,05:01,20-02-18
615,Chetan,chetanid,chetan.gupta,7854612456,Room no.123,001HALFAN002C,45,22,4,05:02,20-02-18
616,Chetan,chetanid,chetan.gupta,7854612456,Room no.123,003KITFAN003C,34,34,1,05:03,20-02-18
617,Chetan,chetanid,chetan.gupta,7854612456,Room no.123,004GPKTUB004C,24,56,2,05:04,20-02-18
618,Chetan,chetanid,chetan.gupta,7854612456,Room no.123,002HALTUB005E,12,34,3,05:05,20-02-18
619,Chetan,chetanid,chetan.gupta,7854612456,Room no.123,001HALFAN006C,56,23,4,05:06,20-02-18
620,Chetan,chetanid,chetan.gupta,7854612456,Room no.123,004GPKFAN007C,45,23,5,05:07,20-02-18
621,Chetan,chetanid,chetan.gupta,7854612456,Room no.123,002HALTUB008E,23,12,6,05:08,20-02-18
622,Siri,sirid,sai.nadiminti,9969625644,Room no.1,001HALBUL000N,23,12,1,05:00,20-02-18
623,Siri,siriid,sai.nadiminti,9969625644,Room no.1,002HALTUB001E,67,13,2,05:01,20-02-18
624,Siri,sirid,sai.nadiminti,9969625644,Room no.1,001HALFAN002C,57,5,3,05:02,20-02-18
625,Siri,siriid,sai.nadiminti,9969625644,Room no.1,003KITFAN003C,42,7,4,05:03,20-02-18
626,Siri,sirid,sai.nadiminti,9969625644,Room no.1,004GPKTUB004C,24,8,7,05:04,20-02-18
627,Siri,siriid,sai.nadiminti,9969625644,Room no.1,002HALTUB005E,4,9,2,05:05,20-02-18
628,Siri,sirid,sai.nadiminti,9969625644,Room no.1,001HALFAN006C,35,45,3,05:06,20-02-18
629,Siri,sirid,sai.nadiminti,9969625644,Room no.1,004GPKFAN007C,5,35,9,05:07,20-02-18
630,Siri,sirid,sai.nadiminti,9969625644,Room no.1,002HALTUB008E,35,23,4,05:08,20-02-18
631,Ashish,ashishid,ashish.joshi,7854612456,Room no.100,001HALBUL000N,44,32,2,05:00,20-02-18
632,Ashish,ashishid,ashish.joshi,7854612456,Room no.100,002HALTUB001E,23,10,3,05:01,20-02-18
633,Ashish,ashishid,ashish.joshi,7854612456,Room no.100,001HALFAN002C,46,22,4,05:02,20-02-18
634,Ashish,ashishid,ashish.joshi,7854612456,Room no.100,003KITFAN003C,89,34,1,05:03,20-02-18
635,Ashish,ashishid,ashish.joshi,7854612456,Room no.100,004GPKTUB004C,54,56,2,05:04,20-02-18
636,Ashish,ashishid,ashish.joshi,7854612456,Room no.100,002HALTUB005E,24,34,3,05:05,20-02-18
637,Ashish,ashishid,ashish.joshi,7854612456,Room no.100,001HALFAN006C,30,23,4,05:06,20-02-18
638,Ashish,ashishid,ashish.joshi,7854612456,Room no.100,004GPKFAN007C,87,23,5,05:07,20-02-18
639,Ashish,ashishid,ashish.joshi,7854612456,Room no.100,002HALTUB008E,45,12,6,05:08,20-02-18
640,Guru,guruid,guru.singh,123564235,Room no.2,001HALBUL000N,12,12,1,05:00,20-02-18
641,Guru,guruid,guru.singh,123564235,Room no.2,002HALTUB001E,54,13,2,05:01,20-02-18
642,Guru,guruid,guru.singh,123564235,Room no.2,001HALFAN002C,44,5,3,05:02,20-02-18
643,Guru,guruid,guru.singh,123564235,Room no.2,003KITFAN003C,58,7,4,05:03,20-02-18
644,Guru,guruid,guru.singh,123564235,Room no.2,004GPKTUB004C,12,8,7,05:04,20-02-18
645,Guru,guruid,guru.singh,123564235,Room no.2,002HALTUB005E,45,9,2,05:05,20-02-18
646,Guru,guruid,guru.singh,123564235,Room no.2,001HALFAN006C,78,45,3,05:06,20-02-18
647,Guru,guruid,guru.singh,123564235,Room no.2,004GPKFAN007C,35,35,9,05:07,20-02-18
648,Guru,guruid,guru.singh,123564235,Room no.2,002HALTUB008E,56,23,4,05:08,20-02-18
649,Chetan,chetanid,chetan.gupta,7854612456,Room no.123,001HALBUL000N,63,32,2,06:00,20-02-18
650,Chetan,chetanid,chetan.gupta,7854612456,Room no.123,002HALTUB001E,13,10,3,06:01,20-02-18
651,Chetan,chetanid,chetan.gupta,7854612456,Room no.123,001HALFAN002C,45,22,4,06:02,20-02-18
652,Chetan,chetanid,chetan.gupta,7854612456,Room no.123,003KITFAN003C,34,34,1,06:03,20-02-18
653,Chetan,chetanid,chetan.gupta,7854612456,Room no.123,004GPKTUB004C,24,56,2,06:04,20-02-18
654,Chetan,chetanid,chetan.gupta,7854612456,Room no.123,002HALTUB005E,12,34,3,06:05,20-02-18
655,Chetan,chetanid,chetan.gupta,7854612456,Room no.123,001HALFAN006C,56,23,4,06:06,20-02-18
656,Chetan,chetanid,chetan.gupta,7854612456,Room no.123,004GPKFAN007C,45,23,5,06:07,20-02-18
657,Chetan,chetanid,chetan.gupta,7854612456,Room no.123,002HALTUB008E,23,12,6,06:08,20-02-18
658,Siri,sirid,sai.nadiminti,9969625644,Room no.1,001HALBUL000N,23,12,1,06:00,20-02-18
659,Siri,siriid,sai.nadiminti,9969625644,Room no.1,002HALTUB001E,67,13,2,06:01,20-02-18
660,Siri,sirid,sai.nadiminti,9969625644,Room no.1,001HALFAN002C,57,5,3,06:02,20-02-18
661,Siri,siriid,sai.nadiminti,9969625644,Room no.1,003KITFAN003C,42,7,4,06:03,20-02-18
662,Siri,sirid,sai.nadiminti,9969625644,Room no.1,004GPKTUB004C,24,8,7,06:04,20-02-18
663,Siri,siriid,sai.nadiminti,9969625644,Room no.1,002HALTUB005E,4,9,2,06:05,20-02-18
664,Siri,sirid,sai.nadiminti,9969625644,Room no.1,001HALFAN006C,35,45,3,06:06,20-02-18
665,Siri,sirid,sai.nadiminti,9969625644,Room no.1,004GPKFAN007C,5,35,9,06:07,20-02-18
666,Siri,sirid,sai.nadiminti,9969625644,Room no.1,002HALTUB008E,35,23,4,06:08,20-02-18
667,Ashish,ashishid,ashish.joshi,7854612456,Room no.100,001HALBUL000N,44,32,2,06:00,20-02-18
668,Ashish,ashishid,ashish.joshi,7854612456,Room no.100,002HALTUB001E,23,10,3,06:01,20-02-18
669,Ashish,ashishid,ashish.joshi,7854612456,Room no.100,001HALFAN002C,46,22,4,06:02,20-02-18
670,Ashish,ashishid,ashish.joshi,7854612456,Room no.100,003KITFAN003C,89,34,1,06:03,20-02-18
671,Ashish,ashishid,ashish.joshi,7854612456,Room no.100,004GPKTUB004C,54,56,2,06:04,20-02-18
672,Ashish,ashishid,ashish.joshi,7854612456,Room no.100,002HALTUB005E,24,34,3,06:05,20-02-18
673,Ashish,ashishid,ashish.joshi,7854612456,Room no.100,001HALFAN006C,30,23,4,06:06,20-02-18
674,Ashish,ashishid,ashish.joshi,7854612456,Room no.100,004GPKFAN007C,87,23,5,06:07,20-02-18
675,Ashish,ashishid,ashish.joshi,7854612456,Room no.100,002HALTUB008E,45,12,6,06:08,20-02-18
676,Guru,guruid,guru.singh,123564235,Room no.2,001HALBUL000N,12,12,1,06:00,20-02-18
677,Guru,guruid,guru.singh,123564235,Room no.2,002HALTUB001E,54,13,2,06:01,20-02-18
678,Guru,guruid,guru.singh,123564235,Room no.2,001HALFAN002C,44,5,3,06:02,20-02-18
679,Guru,guruid,guru.singh,123564235,Room no.2,003KITFAN003C,58,7,4,06:03,20-02-18
680,Guru,guruid,guru.singh,123564235,Room no.2,004GPKTUB004C,12,8,7,06:04,20-02-18
681,Guru,guruid,guru.singh,123564235,Room no.2,002HALTUB005E,45,9,2,06:05,20-02-18
682,Guru,guruid,guru.singh,123564235,Room no.2,001HALFAN006C,78,45,3,06:06,20-02-18
683,Guru,guruid,guru.singh,123564235,Room no.2,004GPKFAN007C,35,35,9,06:07,20-02-18
684,Guru,guruid,guru.singh,123564235,Room no.2,002HALTUB008E,56,23,4,06:08,20-02-18
685,Chetan,chetanid,chetan.gupta,7854612456,Room no.123,001HALBUL000N,63,32,2,07:00,20-02-18
686,Chetan,chetanid,chetan.gupta,7854612456,Room no.123,002HALTUB001E,13,10,3,07:01,20-02-18
687,Chetan,chetanid,chetan.gupta,7854612456,Room no.123,001HALFAN002C,45,22,4,07:02,20-02-18
688,Chetan,chetanid,chetan.gupta,7854612456,Room no.123,003KITFAN003C,34,34,1,07:03,20-02-18
689,Chetan,chetanid,chetan.gupta,7854612456,Room no.123,004GPKTUB004C,24,56,2,07:04,20-02-18
690,Chetan,chetanid,chetan.gupta,7854612456,Room no.123,002HALTUB005E,12,34,3,07:05,20-02-18
691,Chetan,chetanid,chetan.gupta,7854612456,Room no.123,001HALFAN006C,56,23,4,07:06,20-02-18
692,Chetan,chetanid,chetan.gupta,7854612456,Room no.123,004GPKFAN007C,45,23,5,07:07,20-02-18
693,Chetan,chetanid,chetan.gupta,7854612456,Room no.123,002HALTUB008E,23,12,6,07:08,20-02-18
694,Siri,sirid,sai.nadiminti,9969625644,Room no.1,001HALBUL000N,23,12,1,07:00,20-02-18
695,Siri,siriid,sai.nadiminti,9969625644,Room no.1,002HALTUB001E,67,13,2,07:01,20-02-18
696,Siri,sirid,sai.nadiminti,9969625644,Room no.1,001HALFAN002C,57,5,3,07:02,20-02-18
697,Siri,siriid,sai.nadiminti,9969625644,Room no.1,003KITFAN003C,42,7,4,07:03,20-02-18
698,Siri,sirid,sai.nadiminti,9969625644,Room no.1,004GPKTUB004C,24,8,7,07:04,20-02-18
699,Siri,siriid,sai.nadiminti,9969625644,Room no.1,002HALTUB005E,4,9,2,07:05,20-02-18
700,Siri,sirid,sai.nadiminti,9969625644,Room no.1,001HALFAN006C,35,45,3,07:06,20-02-18
701,Siri,sirid,sai.nadiminti,9969625644,Room no.1,004GPKFAN007C,5,35,9,07:07,20-02-18
702,Siri,sirid,sai.nadiminti,9969625644,Room no.1,002HALTUB008E,35,23,4,07:08,20-02-18
703,Ashish,ashishid,ashish.joshi,7854612456,Room no.100,001HALBUL000N,44,32,2,07:00,20-02-18
704,Ashish,ashishid,ashish.joshi,7854612456,Room no.100,002HALTUB001E,23,10,3,07:01,20-02-18
705,Ashish,ashishid,ashish.joshi,7854612456,Room no.100,001HALFAN002C,46,22,4,07:02,20-02-18
706,Ashish,ashishid,ashish.joshi,7854612456,Room no.100,003KITFAN003C,89,34,1,07:03,20-02-18
707,Ashish,ashishid,ashish.joshi,7854612456,Room no.100,004GPKTUB004C,54,56,2,07:04,20-02-18
708,Ashish,ashishid,ashish.joshi,7854612456,Room no.100,002HALTUB005E,24,34,3,07:05,20-02-18
709,Ashish,ashishid,ashish.joshi,7854612456,Room no.100,001HALFAN006C,30,23,4,07:06,20-02-18
710,Ashish,ashishid,ashish.joshi,7854612456,Room no.100,004GPKFAN007C,87,23,5,07:07,20-02-18
711,Ashish,ashishid,ashish.joshi,7854612456,Room no.100,002HALTUB008E,45,12,6,07:08,20-02-18
712,Guru,guruid,guru.singh,123564235,Room no.2,001HALBUL000N,12,12,1,07:00,20-02-18
713,Guru,guruid,guru.singh,123564235,Room no.2,002HALTUB001E,54,13,2,07:01,20-02-18
714,Guru,guruid,guru.singh,123564235,Room no.2,001HALFAN002C,44,5,3,07:02,20-02-18
715,Guru,guruid,guru.singh,123564235,Room no.2,003KITFAN003C,58,7,4,07:03,20-02-18
716,Guru,guruid,guru.singh,123564235,Room no.2,004GPKTUB004C,12,8,7,07:04,20-02-18
717,Guru,guruid,guru.singh,123564235,Room no.2,002HALTUB005E,45,9,2,07:05,20-02-18
718,Guru,guruid,guru.singh,123564235,Room no.2,001HALFAN006C,78,45,3,07:06,20-02-18
719,Guru,guruid,guru.singh,123564235,Room no.2,004GPKFAN007C,35,35,9,07:07,20-02-18
720,Guru,guruid,guru.singh,123564235,Room no.2,002HALTUB008E,56,23,4,07:08,20-02-18
721,Chetan,chetanid,chetan.gupta,7854612456,Room no.123,001HALBUL000N,63,32,2,08:00,20-02-18
722,Chetan,chetanid,chetan.gupta,7854612456,Room no.123,002HALTUB001E,13,10,3,08:01,20-02-18
723,Chetan,chetanid,chetan.gupta,7854612456,Room no.123,001HALFAN002C,45,22,4,08:02,20-02-18
724,Chetan,chetanid,chetan.gupta,7854612456,Room no.123,003KITFAN003C,34,34,1,08:03,20-02-18
725,Chetan,chetanid,chetan.gupta,7854612456,Room no.123,004GPKTUB004C,24,56,2,08:04,20-02-18
726,Chetan,chetanid,chetan.gupta,7854612456,Room no.123,002HALTUB005E,12,34,3,08:05,20-02-18
727,Chetan,chetanid,chetan.gupta,7854612456,Room no.123,001HALFAN006C,56,23,4,08:06,20-02-18
728,Chetan,chetanid,chetan.gupta,7854612456,Room no.123,004GPKFAN007C,45,23,5,08:07,20-02-18
729,Chetan,chetanid,chetan.gupta,7854612456,Room no.123,002HALTUB008E,23,12,6,08:08,20-02-18
730,Siri,sirid,sai.nadiminti,9969625644,Room no.1,001HALBUL000N,23,12,1,08:00,20-02-18
,Siri,siriid,sai.nadiminti,9969625644,Room no.1,002HALTUB001E,67,13,2,08:01,20-02-18
,Siri,sirid,sai.nadiminti,9969625644,Room no.1,001HALFAN002C,57,5,3,08:02,20-02-18
,Siri,siriid,sai.nadiminti,9969625644,Room no.1,003KITFAN003C,42,7,4,08:03,20-02-18
,Siri,sirid,sai.nadiminti,9969625644,Room no.1,004GPKTUB004C,24,8,7,08:04,20-02-18
,Siri,siriid,sai.nadiminti,9969625644,Room no.1,002HALTUB005E,4,9,2,08:05,20-02-18
,Siri,sirid,sai.nadiminti,9969625644,Room no.1,001HALFAN006C,35,45,3,08:06,20-02-18
,Siri,sirid,sai.nadiminti,9969625644,Room no.1,004GPKFAN007C,5,35,9,08:07,20-02-18
,Siri,sirid,sai.nadiminti,9969625644,Room no.1,002HALTUB008E,35,23,4,08:08,20-02-18
,Ashish,ashishid,ashish.joshi,7854612456,Room no.100,001HALBUL000N,44,32,2,08:00,20-02-18
,Ashish,ashishid,ashish.joshi,7854612456,Room no.100,002HALTUB001E,23,10,3,08:01,20-02-18
,Ashish,ashishid,ashish.joshi,7854612456,Room no.100,001HALFAN002C,46,22,4,08:02,20-02-18
,Ashish,ashishid,ashish.joshi,7854612456,Room no.100,003KITFAN003C,89,34,1,08:03,20-02-18
,Ashish,ashishid,ashish.joshi,7854612456,Room no.100,004GPKTUB004C,54,56,2,08:04,20-02-18
,Ashish,ashishid,ashish.joshi,7854612456,Room no.100,002HALTUB005E,24,34,3,08:05,20-02-18
,Ashish,ashishid,ashish.joshi,7854612456,Room no.100,001HALFAN006C,30,23,4,08:06,20-02-18
,Ashish,ashishid,ashish.joshi,7854612456,Room no.100,004GPKFAN007C,87,23,5,08:07,20-02-18
,Ashish,ashishid,ashish.joshi,7854612456,Room no.100,002HALTUB008E,45,12,6,08:08,20-02-18
,Guru,guruid,guru.singh,123564235,Room no.2,001HALBUL000N,12,12,1,08:00,20-02-18
,Guru,guruid,guru.singh,123564235,Room no.2,002HALTUB001E,54,13,2,08:01,20-02-18
,Guru,guruid,guru.singh,123564235,Room no.2,001HALFAN002C,44,5,3,08:02,20-02-18
,Guru,guruid,guru.singh,123564235,Room no.2,003KITFAN003C,58,7,4,08:03,20-02-18
,Guru,guruid,guru.singh,123564235,Room no.2,004GPKTUB004C,12,8,7,08:04,20-02-18
,Guru,guruid,guru.singh,123564235,Room no.2,002HALTUB005E,45,9,2,08:05,20-02-18
,Guru,guruid,guru.singh,123564235,Room no.2,001HALFAN006C,78,45,3,08:06,20-02-18
,Guru,guruid,guru.singh,123564235,Room no.2,004GPKFAN007C,35,35,9,08:07,20-02-18
,Guru,guruid,guru.singh,123564235,Room no.2,002HALTUB008E,56,23,4,08:08,20-02-18
,Chetan,chetanid,chetan.gupta,7854612456,Room no.123,001HALBUL000N,63,32,2,09:00,20-02-18
,Chetan,chetanid,chetan.gupta,7854612456,Room no.123,002HALTUB001E,13,10,3,09:01,20-02-18
,Chetan,chetanid,chetan.gupta,7854612456,Room no.123,001HALFAN002C,45,22,4,09:02,20-02-18
,Chetan,chetanid,chetan.gupta,7854612456,Room no.123,003KITFAN003C,34,34,1,09:03,20-02-18
,Chetan,chetanid,chetan.gupta,7854612456,Room no.123,004GPKTUB004C,24,56,2,09:04,20-02-18
,Chetan,chetanid,chetan.gupta,7854612456,Room no.123,002HALTUB005E,12,34,3,09:05,20-02-18
,Chetan,chetanid,chetan.gupta,7854612456,Room no.123,001HALFAN006C,56,23,4,09:06,20-02-18
,Chetan,chetanid,chetan.gupta,7854612456,Room no.123,004GPKFAN007C,45,23,5,09:07,20-02-18
,Chetan,chetanid,chetan.gupta,7854612456,Room no.123,002HALTUB008E,23,12,6,09:08,20-02-18
,Siri,sirid,sai.nadiminti,9969625644,Room no.1,001HALBUL000N,23,12,1,09:00,20-02-18
,Siri,siriid,sai.nadiminti,9969625644,Room no.1,002HALTUB001E,67,13,2,09:01,20-02-18
,Siri,sirid,sai.nadiminti,9969625644,Room no.1,001HALFAN002C,57,5,3,09:02,20-02-18
,Siri,siriid,sai.nadiminti,9969625644,Room no.1,003KITFAN003C,42,7,4,09:03,20-02-18
,Siri,sirid,sai.nadiminti,9969625644,Room no.1,004GPKTUB004C,24,8,7,09:04,20-02-18
,Siri,siriid,sai.nadiminti,9969625644,Room no.1,002HALTUB005E,4,9,2,09:05,20-02-18
,Siri,sirid,sai.nadiminti,9969625644,Room no.1,001HALFAN006C,35,45,3,09:06,20-02-18
,Siri,sirid,sai.nadiminti,9969625644,Room no.1,004GPKFAN007C,5,35,9,09:07,20-02-18
,Siri,sirid,sai.nadiminti,9969625644,Room no.1,002HALTUB008E,35,23,4,09:08,20-02-18
,Ashish,ashishid,ashish.joshi,7854612456,Room no.100,001HALBUL000N,44,32,2,09:00,20-02-18
,Ashish,ashishid,ashish.joshi,7854612456,Room no.100,002HALTUB001E,23,10,3,09:01,20-02-18
,Ashish,ashishid,ashish.joshi,7854612456,Room no.100,001HALFAN002C,46,22,4,09:02,20-02-18
,Ashish,ashishid,ashish.joshi,7854612456,Room no.100,003KITFAN003C,89,34,1,09:03,20-02-18
,Ashish,ashishid,ashish.joshi,7854612456,Room no.100,004GPKTUB004C,54,56,2,09:04,20-02-18
,Ashish,ashishid,ashish.joshi,7854612456,Room no.100,002HALTUB005E,24,34,3,09:05,20-02-18
,Ashish,ashishid,ashish.joshi,7854612456,Room no.100,001HALFAN006C,30,23,4,09:06,20-02-18
,Ashish,ashishid,ashish.joshi,7854612456,Room no.100,004GPKFAN007C,87,23,5,09:07,20-02-18
,Ashish,ashishid,ashish.joshi,7854612456,Room no.100,002HALTUB008E,45,12,6,09:08,20-02-18
,Guru,guruid,guru.singh,123564235,Room no.2,001HALBUL000N,12,12,1,09:00,20-02-18
,Guru,guruid,guru.singh,123564235,Room no.2,002HALTUB001E,54,13,2,09:01,20-02-18
,Guru,guruid,guru.singh,123564235,Room no.2,001HALFAN002C,44,5,3,09:02,20-02-18
,Guru,guruid,guru.singh,123564235,Room no.2,003KITFAN003C,58,7,4,09:03,20-02-18
,Guru,guruid,guru.singh,123564235,Room no.2,004GPKTUB004C,12,8,7,09:04,20-02-18
,Guru,guruid,guru.singh,123564235,Room no.2,002HALTUB005E,45,9,2,09:05,20-02-18
,Guru,guruid,guru.singh,123564235,Room no.2,001HALFAN006C,78,45,3,09:06,20-02-18
,Guru,guruid,guru.singh,123564235,Room no.2,004GPKFAN007C,35,35,9,09:07,20-02-18
,Guru,guruid,guru.singh,123564235,Room no.2,002HALTUB008E,56,23,4,09:08,20-02-18
,Chetan,chetanid,chetan.gupta,7854612456,Room no.123,001HALBUL000N,63,32,2,10:00,20-02-18
,Chetan,chetanid,chetan.gupta,7854612456,Room no.123,002HALTUB001E,13,10,3,10:01,20-02-18
,Chetan,chetanid,chetan.gupta,7854612456,Room no.123,001HALFAN002C,45,22,4,10:02,20-02-18
,Chetan,chetanid,chetan.gupta,7854612456,Room no.123,003KITFAN003C,34,34,1,10:03,20-02-18
,Chetan,chetanid,chetan.gupta,7854612456,Room no.123,004GPKTUB004C,24,56,2,10:04,20-02-18
,Chetan,chetanid,chetan.gupta,7854612456,Room no.123,002HALTUB005E,12,34,3,10:05,20-02-18
,Chetan,chetanid,chetan.gupta,7854612456,Room no.123,001HALFAN006C,56,23,4,10:06,20-02-18
,Chetan,chetanid,chetan.gupta,7854612456,Room no.123,004GPKFAN007C,45,23,5,10:07,20-02-18
,Chetan,chetanid,chetan.gupta,7854612456,Room no.123,002HALTUB008E,23,12,6,10:08,20-02-18
,Siri,sirid,sai.nadiminti,9969625644,Room no.1,001HALBUL000N,23,12,1,10:00,20-02-18
,Siri,siriid,sai.nadiminti,9969625644,Room no.1,002HALTUB001E,67,13,2,10:01,20-02-18
,Siri,sirid,sai.nadiminti,9969625644,Room no.1,001HALFAN002C,57,5,3,10:02,20-02-18
,Siri,siriid,sai.nadiminti,9969625644,Room no.1,003KITFAN003C,42,7,4,10:03,20-02-18
,Siri,sirid,sai.nadiminti,9969625644,Room no.1,004GPKTUB004C,24,8,7,10:04,20-02-18
,Siri,siriid,sai.nadiminti,9969625644,Room no.1,002HALTUB005E,4,9,2,10:05,20-02-18
,Siri,sirid,sai.nadiminti,9969625644,Room no.1,001HALFAN006C,35,45,3,10:06,20-02-18
,Siri,sirid,sai.nadiminti,9969625644,Room no.1,004GPKFAN007C,5,35,9,10:07,20-02-18
,Siri,sirid,sai.nadiminti,9969625644,Room no.1,002HALTUB008E,35,23,4,10:08,20-02-18
,Ashish,ashishid,ashish.joshi,7854612456,Room no.100,001HALBUL000N,44,32,2,10:00,20-02-18
,Ashish,ashishid,ashish.joshi,7854612456,Room no.100,002HALTUB001E,23,10,3,10:01,20-02-18
,Ashish,ashishid,ashish.joshi,7854612456,Room no.100,001HALFAN002C,46,22,4,10:02,20-02-18
,Ashish,ashishid,ashish.joshi,7854612456,Room no.100,003KITFAN003C,89,34,1,10:03,20-02-18
,Ashish,ashishid,ashish.joshi,7854612456,Room no.100,004GPKTUB004C,54,56,2,10:04,20-02-18
,Ashish,ashishid,ashish.joshi,7854612456,Room no.100,002HALTUB005E,24,34,3,10:05,20-02-18
,Ashish,ashishid,ashish.joshi,7854612456,Room no.100,001HALFAN006C,30,23,4,10:06,20-02-18
,Ashish,ashishid,ashish.joshi,7854612456,Room no.100,004GPKFAN007C,87,23,5,10:07,20-02-18
,Ashish,ashishid,ashish.joshi,7854612456,Room no.100,002HALTUB008E,45,12,6,10:08,20-02-18
,Guru,guruid,guru.singh,123564235,Room no.2,001HALBUL000N,12,12,1,10:00,20-02-18
,Guru,guruid,guru.singh,123564235,Room no.2,002HALTUB001E,54,13,2,10:01,20-02-18
,Guru,guruid,guru.singh,123564235,Room no.2,001HALFAN002C,44,5,3,10:02,20-02-18
,Guru,guruid,guru.singh,123564235,Room no.2,003KITFAN003C,58,7,4,10:03,20-02-18
,Guru,guruid,guru.singh,123564235,Room no.2,004GPKTUB004C,12,8,7,10:04,20-02-18
,Guru,guruid,guru.singh,123564235,Room no.2,002HALTUB005E,45,9,2,10:05,20-02-18
,Guru,guruid,guru.singh,123564235,Room no.2,001HALFAN006C,78,45,3,10:06,20-02-18
,Guru,guruid,guru.singh,123564235,Room no.2,004GPKFAN007C,35,35,9,10:07,20-02-18
,Guru,guruid,guru.singh,123564235,Room no.2,002HALTUB008E,56,23,4,10:08,20-02-18
,Chetan,chetanid,chetan.gupta,7854612456,Room no.123,001HALBUL000N,63,32,2,11:00,20-02-18
,Chetan,chetanid,chetan.gupta,7854612456,Room no.123,002HALTUB001E,13,10,3,11:01,20-02-18
,Chetan,chetanid,chetan.gupta,7854612456,Room no.123,001HALFAN002C,45,22,4,11:02,20-02-18
,Chetan,chetanid,chetan.gupta,7854612456,Room no.123,003KITFAN003C,34,34,1,11:03,20-02-18
,Chetan,chetanid,chetan.gupta,7854612456,Room no.123,004GPKTUB004C,24,56,2,11:04,20-02-18
,Chetan,chetanid,chetan.gupta,7854612456,Room no.123,002HALTUB005E,12,34,3,11:05,20-02-18
,Chetan,chetanid,chetan.gupta,7854612456,Room no.123,001HALFAN006C,56,23,4,11:06,20-02-18
,Chetan,chetanid,chetan.gupta,7854612456,Room no.123,004GPKFAN007C,45,23,5,11:07,20-02-18
,Chetan,chetanid,chetan.gupta,7854612456,Room no.123,002HALTUB008E,23,12,6,11:08,20-02-18
,Siri,sirid,sai.nadiminti,9969625644,Room no.1,001HALBUL000N,23,12,1,11:00,20-02-18
,Siri,siriid,sai.nadiminti,9969625644,Room no.1,002HALTUB001E,67,13,2,11:01,20-02-18
,Siri,sirid,sai.nadiminti,9969625644,Room no.1,001HALFAN002C,57,5,3,11:02,20-02-18
,Siri,siriid,sai.nadiminti,9969625644,Room no.1,003KITFAN003C,42,7,4,11:03,20-02-18
,Siri,sirid,sai.nadiminti,9969625644,Room no.1,004GPKTUB004C,24,8,7,11:04,20-02-18
,Siri,siriid,sai.nadiminti,9969625644,Room no.1,002HALTUB005E,4,9,2,11:05,20-02-18
,Siri,sirid,sai.nadiminti,9969625644,Room no.1,001HALFAN006C,35,45,3,11:06,20-02-18
,Siri,sirid,sai.nadiminti,9969625644,Room no.1,004GPKFAN007C,5,35,9,11:07,20-02-18
,Siri,sirid,sai.nadiminti,9969625644,Room no.1,002HALTUB008E,35,23,4,11:08,20-02-18
,Ashish,ashishid,ashish.joshi,7854612456,Room no.100,001HALBUL000N,44,32,2,11:00,20-02-18
,Ashish,ashishid,ashish.joshi,7854612456,Room no.100,002HALTUB001E,23,10,3,11:01,20-02-18
,Ashish,ashishid,ashish.joshi,7854612456,Room no.100,001HALFAN002C,46,22,4,11:02,20-02-18
,Ashish,ashishid,ashish.joshi,7854612456,Room no.100,003KITFAN003C,89,34,1,11:03,20-02-18
,Ashish,ashishid,ashish.joshi,7854612456,Room no.100,004GPKTUB004C,54,56,2,11:04,20-02-18
,Ashish,ashishid,ashish.joshi,7854612456,Room no.100,002HALTUB005E,24,34,3,11:05,20-02-18
,Ashish,ashishid,ashish.joshi,7854612456,Room no.100,001HALFAN006C,30,23,4,11:06,20-02-18
,Ashish,ashishid,ashish.joshi,7854612456,Room no.100,004GPKFAN007C,87,23,5,11:07,20-02-18
,Ashish,ashishid,ashish.joshi,7854612456,Room no.100,002HALTUB008E,45,12,6,11:08,20-02-18
,Guru,guruid,guru.singh,123564235,Room no.2,001HALBUL000N,12,12,1,11:00,20-02-18
,Guru,guruid,guru.singh,123564235,Room no.2,002HALTUB001E,54,13,2,11:01,20-02-18
,Guru,guruid,guru.singh,123564235,Room no.2,001HALFAN002C,44,5,3,11:02,20-02-18
,Guru,guruid,guru.singh,123564235,Room no.2,003KITFAN003C,58,7,4,11:03,20-02-18
,Guru,guruid,guru.singh,123564235,Room no.2,004GPKTUB004C,12,8,7,11:04,20-02-18
,Guru,guruid,guru.singh,123564235,Room no.2,002HALTUB005E,45,9,2,11:05,20-02-18
,Guru,guruid,guru.singh,123564235,Room no.2,001HALFAN006C,78,45,3,11:06,20-02-18
,Guru,guruid,guru.singh,123564235,Room no.2,004GPKFAN007C,35,35,9,11:07,20-02-18
,Guru,guruid,guru.singh,123564235,Room no.2,002HALTUB008E,56,23,4,11:08,20-02-18
